-54,7,13,0
-52,0,24,0
-36,-16,40,0
-36,-27,56,0
-33,-44,76,0
-49,-45,69,0
-70,-49,57,0
-61,-48,58,0
-50,-48,64,0
-79,-43,35,0
-85,-30,36,0
-59,-35,29,0
-53,-35,20,0
-47,-31,20,0
-45,-32,22,0
-36,-34,28,0
-49,-39,11,0
-49,-39,10,0
-49,-39,10,0
-49,-39,10,0
-49,-40,10,0
-49,-40,10,0
-50,-40,10,0
-50,-39,10,0
-50,-39,11,0
-49,-39,11,0
-49,-40,11,0
-48,-40,11,0
-48,-42,11,0
-47,-42,11,0
-48,-41,10,0
-48,-41,11,0
-49,-41,10,0
-49,-40,11,0
-49,-39,10,0
-51,-38,12,0
-50,-38,13,0
-49,-37,12,0
-50,-38,11,0
-50,-38,12,0
-50,-38,11,0
-52,-38,12,0
-49,-37,11,0
-50,-37,10,0
-51,-38,12,0
-49,-39,10,0
-50,-40,9,0
-50,-40,9,0
-49,-40,9,0
-49,-40,9,0
-49,-40,9,0
-49,-40,9,0
-48,-40,9,0
-49,-40,9,0
-49,-41,9,0
-49,-41,9,0
-49,-40,9,0
-48,-41,9,0
-48,-41,9,0
-48,-41,8,0
-48,-41,8,0
-48,-41,8,0
-49,-41,8,0
-49,-41,8,0
-48,-41,8,0
-48,-41,8,0
-48,-41,8,0
-49,-41,8,0
-48,-41,8,0
-48,-41,8,0
-49,-41,8,0
-49,-41,8,0
-49,-41,8,0
-48,-41,7,0
-48,-41,7,0
-48,-41,8,0
-48,-41,8,0
-49,-40,8,0
-49,-40,8,0
-49,-41,8,0
-48,-40,8,0
-48,-40,8,0
-48,-41,8,0
-48,-42,8,0
-48,-42,8,0
-48,-43,7,0
-48,-43,7,0
-48,-42,8,0
-48,-42,8,0
-48,-41,8,0
-49,-41,9,0
-48,-41,9,0
-48,-42,8,0
-49,-42,8,0
-49,-41,7,0
-47,-41,9,0
-47,-41,8,0
-49,-40,8,0
-48,-40,8,0
-48,-40,9,0
-48,-39,9,0
-48,-40,9,0
-49,-40,9,0
-49,-40,9,0
-49,-40,9,0
-49,-40,8,0
-50,-40,8,0
-50,-41,8,0
-49,-41,8,0
-49,-41,8,0
-48,-41,8,0
-49,-41,8,0
-49,-41,8,0
-49,-40,8,0
-49,-40,8,0
-49,-40,8,0
-49,-40,8,0
-49,-40,7,0
-49,-40,8,0
-49,-40,8,0
-50,-40,7,0
-50,-40,7,0
-49,-40,7,0
-50,-39,7,0
-50,-39,7,0
-50,-40,6,0
-50,-39,6,0
-50,-39,6,0
-50,-39,6,0
-51,-39,6,0
-51,-39,6,0
-51,-39,5,0
-51,-38,5,0
-51,-38,5,0
-51,-38,5,0
-51,-38,5,0
-51,-38,5,0
-51,-38,5,0
-52,-38,5,0
-51,-38,5,0
-51,-38,5,0
-51,-38,5,0
-51,-38,6,0
-50,-38,5,0
-51,-39,5,0
-51,-38,5,0
-51,-38,5,0
-51,-39,6,0
-51,-38,5,0
-51,-39,5,0
-50,-38,5,0
-50,-39,6,0
-50,-39,6,0
-50,-39,6,0
-50,-39,6,0
-50,-39,6,0
-50,-39,6,0
-50,-39,6,0
-50,-39,6,0
-50,-39,6,0
-50,-39,6,0
-50,-39,6,0
-50,-39,6,0
-29,-44,31,0
-20,-46,36,0
-15,-49,31,0
-9,-54,39,0
-7,-54,40,0
-4,-53,36,0
-5,-55,37,0
-5,-56,39,0
-5,-56,35,0
-7,-59,35,0
-7,-59,35,0
-9,-55,33,0
-6,-55,31,0
-10,-58,31,0
-10,-60,29,0
-10,-60,29,0
-12,-57,32,0
-11,-56,31,0
-8,-56,32,0
-9,-56,33,0
-10,-56,31,0
-8,-56,32,0
-7,-56,31,0
-8,-56,33,0
-6,-56,33,0
-8,-57,31,0
-9,-58,32,0
-10,-57,30,0
-9,-55,30,0
-9,-53,31,0
-9,-53,32,0
-9,-53,32,0
-8,-53,33,0
-11,-54,30,0
-13,-55,26,0
-10,-58,27,0
-17,-62,28,0
-16,-63,29,0
-11,-62,25,0
-12,-63,28,0
-9,-61,28,0
-9,-59,24,0
-10,-57,27,0
-7,-63,40,0
-20,-59,41,0
-30,-52,26,0
-37,-49,34,0
-34,-42,39,0
-38,-37,32,0
-41,-33,36,0
-40,-35,41,0
-45,-33,34,0
-42,-28,33,0
-40,-34,44,0
-48,-30,36,0
-38,-32,36,0
-40,-31,35,0
-35,-31,33,0
-26,-33,40,0
-33,-32,39,0
-39,-32,40,0
-43,-34,37,0
-30,-31,40,0
-29,-31,43,0
-32,-34,44,0
-50,-25,32,0
-46,-22,29,0
-14,-21,38,0
-8,-27,52,0
-9,-29,64,0
-5,-35,73,0
-26,-37,50,0
-32,-38,40,0
-22,-44,49,0
-29,-37,40,0
-34,-35,48,0
-31,-37,43,0
-21,-37,44,0
-26,-42,42,0
-17,-42,47,0
-24,-43,37,0
-20,-44,47,0
-18,-41,47,0
-20,-46,44,0
-17,-42,21,0
-16,-41,41,0
-6,-44,47,0
-12,-44,43,0
-20,-46,36,0
-20,-42,40,0
-22,-46,39,0
-16,-41,47,0
-19,-43,49,0
-16,-41,43,0
-22,-40,42,0
-19,-41,40,0
-22,-43,41,0
-23,-42,44,0
-21,-43,46,0
-15,-46,49,0
-4,-42,58,0
-6,-44,58,0
-8,-46,47,0
-11,-48,44,0
-16,-47,39,0
-19,-46,37,0
-30,-41,33,0
-30,-38,30,0
-29,-35,27,0
-26,-32,25,0
-26,-31,26,0
-31,-32,23,0
-36,-34,20,0
-45,-36,18,0
-46,-38,21,0
-44,-42,21,0
-48,-44,19,0
-49,-45,17,0
-49,-47,17,0
-49,-47,17,0
-43,-46,15,0
-40,-47,16,0
-38,-51,15,0
-36,-54,15,0
-36,-58,17,0
-33,-61,18,0
-28,-65,19,0
-25,-68,19,0
-25,-69,18,0
-26,-68,15,0
-27,-66,15,0
-26,-62,15,0
-25,-62,17,0
-27,-61,20,0
-27,-61,20,0
-29,-59,18,0
-32,-57,16,0
-35,-54,14,0
-40,-51,9,0
-40,-49,7,0
-43,-45,3,0
-43,-45,1,0
-47,-43,-3,0
-47,-44,-4,0
-44,-44,-6,0
-42,-45,-6,0
-42,-49,-8,0
-40,-49,-10,0
-39,-45,-9,0
-36,-45,-6,0
-32,-46,-5,0
-33,-51,-5,0
-33,-53,-4,0
-31,-56,-6,0
-32,-56,-6,0
-28,-55,-4,0
-31,-56,-5,0
-35,-58,-6,0
-26,-59,-1,0
-27,-59,-3,0
-28,-59,-1,0
-33,-61,-3,0
-28,-58,-1,0
-28,-57,-1,0
-36,-54,-2,0
-33,-53,-1,0
-36,-52,-4,0
-39,-52,-6,0
-37,-51,-3,0
-37,-49,-6,0
-25,-50,-3,0
-30,-55,-4,0
-30,-61,0,0
-25,-57,-4,0
-25,-58,-13,0
-32,-62,-9,0
-29,-63,-5,0
-16,-61,0,0
-30,-63,8,0
-23,-60,11,0
-32,-58,12,0
-33,-58,14,0
-33,-58,11,0
-31,-58,9,0
-35,-56,6,0
-38,-56,9,0
-35,-52,11,0
-39,-52,11,0
-41,-49,11,0
-36,-50,12,0
-38,-48,11,0
-42,-49,9,0
-41,-50,8,0
-43,-50,10,0
-42,-47,11,0
-36,-45,6,0
-37,-46,8,0
-35,-48,0,0
-48,-51,-3,0
-36,-57,6,0
-35,-52,2,0
-37,-51,6,0
-40,-49,13,0
-37,-49,11,0
-42,-48,14,0
-39,-49,18,0
-39,-49,19,0
-36,-57,20,0
-38,-54,13,0
-46,-48,11,0
-40,-48,11,0
-36,-52,20,0
-33,-51,17,0
-33,-51,16,0
-37,-50,18,0
-42,-52,17,0
-32,-49,28,0
-32,-48,25,0
-32,-42,24,0
-38,-42,28,0
-49,-38,18,0
-46,-37,24,0
-43,-33,27,0
-40,-36,26,0
-34,-42,29,0
-42,-44,28,0
-40,-44,29,0
-39,-46,29,0
-38,-45,28,0
-35,-45,27,0
-33,-45,26,0
-37,-42,27,0
-37,-43,32,0
-34,-47,28,0
-34,-49,30,0
-30,-49,26,0
-28,-51,22,0
-34,-53,19,0
-31,-49,19,0
-34,-48,22,0
-35,-45,26,0
-39,-45,29,0
-43,-45,21,0
-48,-47,25,0
-41,-48,25,0
-38,-50,26,0
-36,-51,19,0
-34,-53,16,0
-34,-54,16,0
-34,-54,13,0
-39,-51,5,0
-32,-55,13,0
-32,-59,15,0
-31,-55,16,0
-29,-52,14,0
-28,-52,16,0
-30,-51,17,0
-30,-52,17,0
-28,-53,20,0
-26,-53,19,0
-24,-58,13,0
-23,-61,12,0
-24,-66,10,0
-24,-68,11,0
-22,-71,16,0
-20,-65,19,0
-20,-63,19,0
-20,-59,18,0
-21,-58,18,0
-22,-58,19,0
-22,-57,20,0
-20,-56,21,0
-19,-57,21,0
-19,-57,20,0
-20,-56,19,0
-20,-56,20,0
-19,-55,20,0
-19,-56,20,0
-19,-57,24,0
-17,-55,25,0
-17,-54,24,0
-17,-54,26,0
-16,-55,28,0
-15,-56,28,0
-12,-57,28,0
-6,-58,31,0
-3,-58,31,0
0,-57,29,0
-3,-57,28,0
-10,-56,28,0
-17,-55,20,0
-16,-55,18,0
-17,-59,16,0
-17,-58,14,0
-20,-59,13,0
-21,-60,14,0
-21,-59,10,0
-21,-61,10,0
-20,-67,10,0
-20,-66,8,0
-20,-63,6,0
-22,-63,5,0
-22,-62,4,0
-22,-59,4,0
-23,-58,4,0
-22,-58,5,0
-22,-60,6,0
-20,-63,6,0
-20,-65,6,0
-22,-66,5,0
-21,-64,7,0
-22,-57,6,0
-23,-52,9,0
-26,-55,10,0
-36,-55,13,0
-40,-55,15,0
-40,-52,17,0
-36,-52,17,0
-32,-52,20,0
-32,-50,21,0
-30,-47,24,0
-27,-47,23,0
-23,-48,23,0
-22,-49,22,0
-23,-53,21,0
-25,-64,21,0
-23,-61,23,0
-18,-65,21,0
-12,-62,20,0
-6,-58,13,0
-5,-55,10,0
-7,-45,11,0
-13,-41,9,0
-15,-41,8,0
-18,-51,7,0
-18,-55,5,0
-20,-60,11,0
-21,-64,13,0
-24,-68,12,0
-23,-69,13,0
-25,-74,11,0
-31,-74,7,0
-28,-74,7,0
-26,-71,5,0
-27,-68,4,0
-22,-59,5,0
-25,-60,1,0
-26,-55,4,0
-23,-55,9,0
-25,-52,9,0
-27,-54,8,0
-34,-54,3,0
-36,-54,4,0
-34,-62,19,0
-29,-60,8,0
-19,-64,8,0
-14,-64,15,0
-3,-66,12,0
-23,-79,10,0
-31,-78,12,0
-42,-73,14,0
-36,-81,13,0
-23,-84,14,0
-30,-82,15,0
-30,-76,7,0
-28,-71,14,0
-35,-65,-2,0
-49,-58,-35,0
-62,-55,-31,0
-45,-43,-16,0
-46,-49,-35,0
-34,-49,-22,0
-42,-51,-22,0
-38,-48,-21,0
-30,-55,-22,0
-39,-57,-18,0
-38,-50,-17,0
-35,-50,-18,0
-32,-52,-14,0
-31,-50,-13,0
-35,-53,-14,0
-40,-54,-8,0
-39,-51,-14,0
-50,-51,-8,0
-52,-47,-13,0
-43,-38,-14,0
-49,-35,-10,0
-45,-32,-4,0
-48,-29,2,0
-51,-28,1,0
-55,-31,-4,0
-53,-36,-18,0
-59,-44,-20,0
-47,-46,1,0
-43,-45,-4,0
-41,-44,6,0
-34,-40,10,0
-29,-37,15,0
-12,-29,42,0
-23,-30,30,0
-37,-26,24,0
-40,-28,21,0
-51,-30,21,0
-58,-34,25,0
-54,-35,27,0
-54,-35,22,0
-53,-32,26,0
-42,-29,39,0
-41,-30,44,0
-44,-32,46,0
-46,-32,44,0
-44,-30,39,0
-49,-28,35,0
-44,-24,27,0
-44,-24,24,0
-40,-24,24,0
-43,-20,24,0
-35,-20,30,0
-46,-21,30,0
-45,-21,35,0
-53,-25,37,0
-58,-25,32,0
-55,-25,30,0
-52,-23,33,0
-52,-25,30,0
-50,-25,30,0
-52,-26,27,0
-53,-27,25,0
-53,-27,27,0
-50,-28,30,0
-50,-30,31,0
-50,-33,32,0
-49,-34,33,0
-48,-34,32,0
-46,-34,31,0
-45,-34,31,0
-44,-33,30,0
-45,-32,29,0
-45,-29,33,0
-45,-29,32,0
-46,-28,31,0
-46,-28,30,0
-45,-28,30,0
-45,-28,30,0
-47,-28,30,0
-49,-29,31,0
-49,-29,31,0
-49,-29,31,0
-50,-29,30,0
-50,-28,30,0
-50,-27,29,0
-50,-28,28,0
-49,-28,27,0
-50,-28,27,0
-50,-27,27,0
-49,-27,28,0
-51,-26,29,0
-51,-26,29,0
-50,-25,31,0
-51,-26,31,0
-52,-26,31,0
-52,-27,30,0
-53,-28,28,0
-53,-29,28,0
-53,-30,27,0
-49,-31,29,0
-48,-31,29,0
-49,-29,30,0
-48,-28,30,0
-45,-29,27,0
-45,-31,27,0
-45,-32,29,0
-45,-31,31,0
-47,-31,33,0
-48,-32,32,0
-48,-33,32,0
-47,-33,30,0
-46,-34,30,0
-47,-30,37,0
-46,-29,37,0
-45,-29,34,0
-45,-29,33,0
-46,-28,33,0
-46,-27,35,0
-46,-27,36,0
-47,-28,35,0
-47,-27,35,0
-45,-26,36,0
-43,-26,36,0
-40,-25,39,0
-40,-24,39,0
-40,-24,39,0
-41,-24,36,0
-42,-24,34,0
-43,-23,36,0
-42,-23,36,0
-42,-23,37,0
-42,-23,37,0
-43,-24,38,0
-43,-25,39,0
-41,-26,42,0
-41,-26,43,0
-39,-26,45,0
-40,-25,47,0
-40,-25,49,0
-41,-25,54,0
-42,-25,53,0
-43,-23,45,0
-44,-22,42,0
-43,-23,37,0
-44,-23,34,0
-44,-23,33,0
-42,-21,34,0
-42,-20,34,0
-48,-21,31,0
-51,-21,29,0
-52,-21,28,0
-51,-22,27,0
-47,-23,30,0
-47,-23,30,0
-52,-26,31,0
-44,-23,29,0
-46,-25,30,0
-48,-25,31,0
-49,-28,30,0
-49,-29,30,0
-51,-31,30,0
-52,-31,30,0
-50,-30,28,0
-50,-28,26,0
-50,-27,25,0
-49,-29,26,0
-51,-31,27,0
-51,-41,33,0
-50,-45,31,0
-44,-49,23,0
-41,-47,26,0
-45,-43,34,0
-47,-45,35,0
-43,-45,31,0
-33,-44,24,0
-30,-42,24,0
-30,-42,26,0
-29,-42,27,0
-33,-45,26,0
-33,-45,26,0
-31,-45,25,0
-31,-45,25,0
-31,-50,28,0
-32,-50,29,0
-32,-52,31,0
-32,-54,35,0
-31,-54,36,0
-32,-56,33,0
-32,-57,32,0
-29,-55,33,0
-28,-52,32,0
-28,-51,30,0
-29,-49,29,0
-30,-49,29,0
-31,-49,30,0
-31,-49,30,0
-33,-50,31,0
-35,-48,32,0
-37,-36,31,0
-38,-35,31,0
-40,-31,32,0
-41,-29,34,0
-41,-27,33,0
-40,-28,31,0
-42,-27,29,0
-42,-28,28,0
-44,-29,31,0
-46,-28,34,0
-48,-30,45,0
-46,-33,35,0
-50,-34,28,0
-53,-33,21,0
-51,-32,20,0
-46,-28,23,0
-48,-28,24,0
-53,-27,28,0
-55,-26,27,0
-51,-25,22,0
-46,-25,19,0
-47,-26,21,0
-49,-27,23,0
-51,-28,23,0
-54,-30,24,0
-57,-31,24,0
-55,-33,22,0
-54,-35,22,0
-55,-34,21,0
-53,-33,20,0
-56,-34,21,0
-58,-31,24,0
-59,-31,28,0
-53,-31,33,0
-49,-34,32,0
-41,-40,28,0
-36,-41,28,0
-34,-41,29,0
-35,-41,29,0
-34,-43,31,0
-32,-43,31,0
-31,-44,30,0
-31,-46,29,0
-31,-47,28,0
-32,-50,28,0
-31,-51,29,0
-30,-50,29,0
-29,-51,28,0
-29,-50,29,0
-30,-49,28,0
-30,-49,28,0
-28,-47,27,0
-28,-46,28,0
-29,-48,30,0
-29,-49,29,0
-27,-49,28,0
-29,-50,29,0
-31,-54,30,0
-29,-58,28,0
-27,-57,28,0
-25,-56,27,0
-26,-55,29,0
-26,-55,31,0
-26,-55,31,0
-25,-53,32,0
-26,-52,31,0
-26,-51,28,0
-25,-50,26,0
-25,-50,25,0
-25,-49,26,0
-26,-48,27,0
-26,-45,28,0
-27,-44,28,0
-28,-44,28,0
-29,-44,28,0
-30,-42,26,0
-31,-43,27,0
-32,-44,30,0
-40,-45,34,0
-47,-46,35,0
-53,-44,37,0
-52,-42,36,0
-52,-34,33,0
-53,-33,29,0
-52,-33,26,0
-54,-32,26,0
-52,-32,25,0
-50,-32,25,0
-43,-40,34,0
-42,-40,33,0
-44,-39,30,0
-44,-33,26,0
-42,-32,22,0
-37,-33,18,0
-36,-36,16,0
-37,-36,16,0
-39,-39,15,0
-43,-42,14,0
-48,-40,14,0
-50,-37,17,0
-56,-32,34,0
-59,-28,45,0
-57,-21,57,0
-55,-21,50,0
-54,-24,44,0
-52,-24,47,0
-47,-22,45,0
-47,-16,42,0
-45,-16,35,0
-37,-15,24,0
-32,-15,22,0
-32,-16,20,0
-33,-15,24,0
-36,-18,28,0
-45,-25,27,0
-50,-30,27,0
-53,-41,28,0
-50,-43,29,0
-47,-46,31,0
-44,-46,29,0
-43,-44,25,0
-45,-43,24,0
-45,-46,26,0
-45,-48,29,0
-44,-50,31,0
-49,-46,32,0
-50,-43,31,0
-54,-41,23,0
-54,-40,19,0
-50,-38,15,0
-48,-37,15,0
-47,-36,14,0
-47,-36,14,0
-50,-35,19,0
-51,-34,19,0
-51,-35,17,0
-51,-37,13,0
-52,-38,12,0
-51,-40,10,0
-51,-40,12,0
-48,-39,14,0
-46,-39,13,0
-47,-43,13,0
-49,-42,15,0
-45,-38,17,0
-41,-40,21,0
-40,-41,23,0
-37,-45,25,0
-36,-49,27,0
-36,-52,31,0
-36,-52,33,0
-37,-48,40,0
-39,-46,41,0
-43,-42,46,0
-47,-39,48,0
-47,-33,36,0
-37,-29,17,0
-35,-27,13,0
-35,-26,12,0
-36,-27,12,0
-44,-29,14,0
-46,-30,16,0
-48,-28,25,0
-45,-28,32,0
-44,-27,48,0
-44,-29,47,0
-47,-34,39,0
-45,-34,32,0
-43,-35,25,0
-36,-37,19,0
-38,-41,16,0
-48,-51,7,0
-56,-53,8,0
-58,-60,18,0
-53,-60,23,0
-38,-51,24,0
-32,-39,23,0
-34,-36,22,0
-39,-31,21,0
-41,-30,22,0
-55,-31,16,0
-60,-30,18,0
-60,-25,24,0
-65,-28,19,0
-62,-24,19,0
-50,-15,23,0
-51,-12,26,0
-52,-8,30,0
-45,-6,33,0
-45,4,45,0
-44,4,43,0
-49,6,44,0
-49,7,46,0
-43,7,48,0
-40,9,51,0
-43,8,47,0
-57,4,47,0
-58,1,47,0
-48,-5,42,0
-55,-13,46,0
-59,-3,64,0
-53,-7,49,0
-39,-9,37,0
-23,-12,48,0
-26,-11,46,0
-44,-10,42,0
-52,-7,43,0
-67,-1,47,0
-57,-5,49,0
-39,-7,51,0
-36,-7,52,0
-34,-4,52,0
-35,-6,47,0
-42,-6,42,0
-41,-5,35,0
-37,-9,32,0
-42,-13,34,0
-40,-12,38,0
-25,-15,40,0
-22,-13,49,0
-27,-12,59,0
-26,-15,56,0
-29,-20,49,0
-56,-24,29,0
-51,-25,33,0
-46,-26,33,0
-42,-31,42,0
-41,-35,43,0
-38,-39,40,0
-38,-41,42,0
-38,-40,42,0
-32,-35,39,0
-33,-32,38,0
-34,-28,39,0
-32,-28,37,0
-30,-28,32,0
-31,-28,35,0
-37,-30,41,0
-47,-31,37,0
-49,-32,36,0
-49,-35,36,0
-49,-36,34,0
-44,-45,30,0
-44,-47,28,0
-44,-41,35,0
-42,-42,33,0
-40,-40,24,0
-40,-38,25,0
-44,-35,26,0
-46,-33,17,0
-45,-32,11,0
-49,-35,1,0
-55,-42,1,0
-51,-41,12,0
-56,-55,4,0
-68,-51,13,0
-63,-56,8,0
-54,-53,18,0
-46,-49,22,0
-47,-39,19,0
-50,-35,19,0
-42,-29,24,0
-35,-26,35,0
-38,-24,43,0
-39,-21,43,0
-43,-18,39,0
-51,-15,36,0
-37,-25,39,0
-35,-27,40,0
-36,-33,40,0
-35,-35,40,0
-40,-39,37,0
-40,-40,36,0
-39,-41,38,0
-40,-41,38,0
-39,-41,38,0
-38,-39,38,0
-38,-37,38,0
-34,-33,38,0
-37,-33,37,0
-38,-32,39,0
-38,-32,40,0
-35,-32,39,0
-35,-34,39,0
-38,-34,39,0
-35,-34,40,0
-39,-33,40,0
-39,-34,39,0
-37,-35,37,0
-35,-38,36,0
-35,-36,39,0
-37,-34,40,0
-37,-35,39,0
-36,-35,39,0
-37,-36,39,0
-38,-33,39,0
-36,-33,39,0
-39,-33,37,0
-30,-32,37,0
-38,-33,36,0
-31,-32,49,0
-33,-34,48,0
-37,-32,38,0
-32,-33,41,1
-43,-32,43,1
-47,-29,41,1
-39,-33,44,1
-35,-33,44,1
-43,-31,44,1
-35,-26,49,1
-28,-37,39,1
-33,-38,34,1
-34,-38,39,1
-35,-33,47,1
-35,-32,45,1
-41,-32,37,1
-41,-32,35,1
-43,-35,33,1
-41,-36,35,1
-43,-38,40,1
-44,-40,39,1
-57,-40,26,1
-66,-39,28,1
-65,-39,36,1
-52,-36,48,1
-69,-31,38,1
-58,-23,43,1
-56,-21,34,1
-45,-8,62,1
-49,-3,55,1
-49,2,48,1
-37,8,39,1
-29,16,49,1
-17,21,59,1
-10,26,54,1
-2,33,69,1
1,38,68,1
5,44,63,1
10,48,62,1
11,52,54,1
9,56,46,1
16,59,40,1
17,55,26,1
19,54,20,1
19,54,-1,1
25,53,-12,1
29,52,-20,1
31,54,-22,1
35,55,-31,1
35,56,-29,1
52,54,-47,1
84,65,-88,1
87,21,-86,1
21,3,-15,1
1,-2,24,1
-19,-26,-102,1
-128,-128,-27,1
-94,11,-56,1
47,101,106,1
78,69,20,1
10,46,46,1
-42,41,24,1
8,48,26,1
25,53,25,1
12,54,32,1
17,55,28,1
15,58,24,1
13,58,28,1
12,57,31,1
14,56,29,1
8,56,27,1
15,57,29,1
18,56,26,1
12,56,24,1
11,56,25,1
15,57,28,1
14,53,30,1
13,57,25,1
11,56,25,1
19,49,30,1
7,47,23,1
16,59,30,1
16,56,29,0
19,64,32,0
12,55,24,0
4,52,19,0
20,62,19,0
2,60,10,0
15,53,22,0
22,50,25,0
32,56,32,0
23,61,34,0
11,54,33,0
24,50,39,0
25,57,39,0
-21,32,28,0
21,70,38,0
19,56,27,0
17,56,27,0
18,54,28,0
15,54,23,0
19,55,20,0
13,54,22,0
15,52,25,0
12,59,28,0
10,58,31,0
16,61,28,0
11,60,27,0
8,52,32,0
9,53,30,0
5,53,29,0
7,50,28,0
9,56,28,0
6,51,30,0
6,55,31,0
10,52,34,0
12,51,33,0
6,44,27,0
5,51,27,0
7,37,26,0
11,24,26,0
7,26,19,0
4,18,11,0
4,24,15,0
1,29,4,0
-2,38,2,0
7,38,22,0
5,54,19,0
1,39,19,0
4,50,31,0
-23,59,38,0
-18,47,45,0
-32,67,56,0
-31,41,48,0
-53,39,54,0
-83,42,101,0
-81,39,113,0
-53,35,108,0
-30,26,86,0
-63,19,65,0
-60,29,70,0
-27,20,61,0
-35,10,54,0
-27,19,87,0
-25,14,81,0
-22,16,78,0
-10,19,42,0
-1,15,52,0
-9,10,42,0
-11,11,35,0
3,6,26,0
-49,87,-1,0
26,47,68,0
10,43,52,0
-18,29,47,0
-25,34,56,0
-41,34,46,0
-51,29,26,0
-54,28,23,0
-41,14,35,0
-39,4,41,0
-55,-6,52,0
-78,-11,33,0
-69,-8,27,0
-56,-15,53,0
-55,-11,55,0
-62,-7,36,0
-66,-7,39,0
-48,0,28,0
-52,-2,24,0
-53,-11,48,0
-59,-11,35,0
-60,-15,20,0
-57,-22,33,0
-61,-23,33,0
-55,-19,25,0
-53,-20,23,0
-49,-17,29,0
-51,-17,25,0
-62,-19,26,0
-59,-20,31,0
-69,-20,24,0
-55,-20,35,0
-52,-20,34,0
-47,-22,34,0
-44,-21,36,0
-44,-20,40,0
-41,-19,42,0
-45,-18,43,0
-45,-18,43,0
-44,-14,40,0
-39,-27,39,0
-44,-16,42,0
-45,-12,42,0
-52,-16,35,0
-44,-19,42,0
-47,-20,39,0
-39,-19,40,0
-42,-19,41,0
-52,-14,38,0
-38,-21,43,1
-39,-19,43,1
-46,-15,45,1
-49,-9,46,1
-44,-15,44,1
-40,-15,46,1
-44,-17,45,1
-45,-17,49,1
-57,-17,43,1
-47,-8,47,1
-4,-20,66,1
-48,-18,26,1
-37,-25,30,1
-49,-21,33,1
-53,-20,41,1
-51,-15,41,1
-52,-15,37,1
-52,-17,35,1
-52,-18,37,1
-53,-20,36,1
-56,-19,34,1
-56,-17,35,1
-59,-18,28,1
-63,-18,33,1
-47,-17,44,1
-44,-20,42,1
-42,-15,37,1
-40,-12,40,1
-47,-8,50,1
-41,-1,73,1
-38,-1,71,1
-30,2,74,1
-30,9,69,1
-18,12,72,1
-13,13,77,1
-16,20,82,1
-15,24,82,1
-9,34,72,1
8,56,33,1
12,59,27,1
16,60,13,1
24,57,5,1
26,58,-4,1
29,58,-10,1
32,57,-12,1
42,63,-25,1
58,67,-33,1
90,64,-70,1
109,68,-110,1
33,-29,19,1
13,-14,27,1
-25,-36,127,1
-39,-39,-75,1
-128,-98,72,1
-43,48,-23,1
80,87,87,1
76,70,30,1
50,49,35,1
-16,36,21,1
24,51,32,1
32,52,29,1
19,55,33,1
32,54,31,1
27,59,30,1
12,54,28,1
18,55,29,1
14,53,27,1
22,51,26,1
20,57,28,1
14,52,26,1
19,49,26,1
12,54,28,1
18,54,28,1
13,56,25,1
11,45,22,0
15,53,23,0
18,59,23,0
24,55,21,0
33,56,7,0
110,37,22,0
23,49,-5,0
22,52,3,0
22,52,8,0
22,57,18,0
24,54,26,0
26,56,31,0
23,56,35,0
21,47,34,0
19,44,31,0
14,47,37,0
19,40,31,0
15,40,27,0
20,43,33,0
26,45,25,0
30,58,28,0
28,54,33,0
33,61,25,0
29,62,24,0
27,53,20,0
34,58,19,0
31,51,23,0
28,49,25,0
25,50,24,0
25,49,26,0
24,57,26,0
27,56,33,0
27,57,36,0
24,53,37,0
23,50,36,0
16,49,33,0
16,49,35,0
20,43,42,0
18,33,39,0
16,25,35,0
13,20,32,0
12,14,30,0
7,9,23,0
1,14,19,0
6,6,23,0
-3,19,19,0
-9,21,26,0
-11,37,27,0
-18,35,29,0
-22,28,50,0
-34,38,45,0
-49,23,45,0
-52,20,71,0
-72,15,59,0
-108,6,49,0
-79,9,104,0
-85,9,107,0
-80,28,91,0
-62,27,96,0
-54,27,86,0
-59,5,50,0
-60,4,52,0
-47,8,61,0
-48,9,59,0
-51,21,80,0
-37,16,84,0
-32,22,76,0
-21,20,54,0
-19,14,46,0
-8,1,33,0
-6,-7,33,0
1,-12,23,0
-16,-24,-7,0
-4,3,97,0
2,20,60,0
-23,31,43,0
-7,37,54,0
-2,34,50,0
-10,41,30,0
-20,41,30,0
-27,29,36,0
-38,24,30,0
-37,26,22,0
-36,25,8,0
-67,4,42,0
-80,14,20,0
-58,13,26,0
-64,13,20,0
-66,8,18,0
-77,2,15,0
-83,3,15,0
-64,-3,24,0
-51,-8,38,0
-75,-5,25,0
-67,-4,12,0
-61,-10,18,0
-54,-12,39,0
-50,-7,35,0
-61,-14,40,0
-60,-15,39,0
-51,-16,33,0
-50,-15,35,0
-54,-13,35,0
-52,-13,35,0
-50,-11,34,0
-56,-13,34,0
-52,-12,35,0
-51,-12,37,0
-48,-12,40,0
-44,-13,38,0
-45,-15,39,0
-49,-14,40,0
-52,-13,38,0
-54,-14,42,0
-53,-14,41,0
-50,-15,43,0
-49,-15,46,0
-50,-13,47,0
-50,-10,41,0
-48,-10,39,0
-43,-9,37,0
-43,-8,34,0
-37,-7,32,0
-40,-8,29,0
-47,-7,25,0
-57,-9,34,0
-59,-9,35,0
-57,-10,42,0
-55,-9,40,0
-48,-8,38,0
-46,-8,39,0
-52,-9,37,0
-51,-9,39,0
-52,-10,41,0
29,58,42,0
29,58,42,0
29,58,42,0
29,58,42,0
29,58,42,0
29,58,42,0
29,58,42,0
29,58,42,0
29,58,42,0
29,58,42,0
29,58,42,0
29,58,42,0
29,58,42,0
29,58,42,0
29,58,42,0
29,58,42,0
29,58,42,0
29,58,42,0
29,58,42,0
29,58,42,0
29,58,42,0
29,58,42,0
29,58,42,0
29,58,42,0
29,58,42,0
29,58,42,0
29,58,42,0
29,58,42,0
29,58,42,0
25,47,39,0
24,49,33,0
22,49,32,0
29,49,31,0
26,48,28,0
23,48,29,0
30,50,27,0
27,50,25,0
22,47,28,0
23,48,29,0
19,48,29,0
20,40,26,0
11,28,17,0
12,28,18,0
6,24,9,0
5,36,14,0
10,22,15,0
-7,47,14,0
-6,41,17,0
-4,44,29,0
-6,51,32,0
-21,35,30,0
-45,22,46,0
-38,11,44,0
-61,-15,27,0
-128,-41,85,0
-102,-39,104,0
-77,-28,63,0
-86,-22,71,0
-80,-25,103,0
-116,-35,96,0
-122,-36,51,0
-69,-31,32,0
-50,-37,47,0
-51,-45,57,0
-68,-50,62,0
-71,-32,55,0
-69,-30,86,0
-40,-13,77,0
-16,14,58,0
-13,11,47,0
-5,16,19,0
-3,21,21,0
-13,25,21,0
-9,24,22,0
-12,21,29,0
-1,19,28,0
5,17,22,0
-2,13,16,0
-128,-24,34,0
15,38,38,0
4,58,29,0
4,40,75,0
0,40,71,0
-23,36,28,0
-35,33,27,0
-43,36,64,0
-30,39,63,0
-24,38,51,0
-27,31,21,0
-54,22,21,0
-83,8,24,0
-45,13,38,0
-62,3,33,0
-47,3,54,0
-46,1,42,0
-48,-5,36,0
-49,-7,45,0
-44,-11,41,0
-46,-12,39,0
-59,-17,38,0
-57,-14,33,0
-45,-16,39,0
-47,-10,50,0
-50,-15,67,0
-47,-19,49,0
-44,-23,45,0
-42,-27,45,0
-40,-25,42,0
-39,-22,48,0
-41,-21,57,0
-41,-18,60,0
-38,-20,58,0
-46,-19,57,0
-41,-18,54,0
-39,-18,44,0
-36,-17,33,0
-39,-16,26,0
-33,-13,21,0
-31,-12,24,0
-41,-9,48,0
-50,-10,53,0
-49,-10,51,0
-45,-11,48,0
-44,-15,43,0
-43,-17,44,0
-44,-17,45,0
-41,-21,51,0
-47,-18,44,0
-41,-20,45,0
-39,-19,48,0
-39,-20,46,0
-41,-21,46,0
-42,-21,48,0
-35,-16,49,0
-44,-14,47,0
-42,-16,47,0
-43,-15,46,0
-41,-13,47,0
-45,-14,43,0
-35,-17,48,0
-39,-16,47,0
-37,-12,49,0
-35,-20,48,0
-41,-15,44,0
-43,-11,45,0
-45,-19,46,0
-43,-11,47,1
-41,-17,46,1
-40,-19,46,1
-42,-11,47,1
-41,-12,54,1
-41,-13,54,1
-41,-15,53,1
-44,-10,58,1
-43,-20,53,1
-19,-39,49,1
-37,-23,29,1
-37,-18,31,1
-38,-15,45,1
-40,-11,53,1
-45,-9,51,1
-45,-12,42,1
-46,-14,40,1
-47,-17,43,1
-50,-18,44,1
-52,-19,46,1
-51,-19,45,1
-43,-21,46,1
-43,-21,44,1
-37,-22,52,1
-46,-14,54,1
-45,-11,53,1
-42,-2,72,1
-37,4,71,1
-28,11,71,1
-24,14,78,1
-23,21,70,1
-23,19,82,1
-16,26,80,1
-16,28,75,1
-13,28,85,1
-5,34,69,1
-5,37,63,1
1,49,43,1
3,50,38,1
13,58,25,1
18,60,15,1
24,61,6,1
22,62,3,1
30,63,-11,1
34,61,-14,1
38,61,-13,1
49,66,-31,1
66,65,-45,1
111,65,-97,1
75,44,-72,1
-33,-45,97,1
-50,-25,127,1
0,-40,-128,1
-116,-128,28,1
-43,52,1,1
0,82,34,1
61,92,38,1
54,51,47,1
15,35,25,1
65,-30,-36,1
2,47,24,1
20,51,15,1
27,54,22,1
20,58,27,1
21,58,29,1
10,54,28,1
21,53,29,1
16,54,27,1
21,55,31,1
16,53,28,1
17,53,29,1
21,53,29,1
16,52,29,1
22,56,30,1
14,54,26,1
20,54,30,1
22,54,31,1
22,52,29,1
21,53,29,1
18,53,26,1
16,52,27,1
19,55,29,1
19,55,30,1
18,52,30,1
17,52,29,1
22,52,31,1
20,54,31,1
19,53,32,1
17,53,31,1
21,52,30,1
23,53,31,1
19,53,32,1
19,51,33,1
18,53,32,1
23,52,30,1
22,53,33,0
14,55,30,0
17,55,33,0
23,52,31,0
24,58,31,0
21,45,22,0
25,47,24,0
26,56,28,0
21,56,33,0
20,52,44,0
10,52,40,0
22,37,41,0
13,57,30,0
23,50,32,0
21,49,26,0
22,49,24,0
20,49,21,0
22,49,22,0
27,52,20,0
23,50,22,0
20,46,28,0
14,41,24,0
17,40,27,0
20,25,25,0
17,21,21,0
9,14,21,0
13,6,23,0
6,15,16,0
9,11,12,0
1,28,11,0
7,30,6,0
-52,18,48,0
-89,2,48,0
-103,-12,63,0
-99,-22,76,0
-79,-30,113,0
-102,-17,94,0
-104,-14,83,0
-75,-2,87,0
-67,1,96,0
-54,0,72,0
-53,0,63,0
-55,-5,65,0
-55,-5,64,0
-52,-7,53,0
-47,-1,63,0
-35,-2,65,0
-23,9,65,0
-21,10,56,0
-24,12,30,0
-17,13,32,0
-12,16,29,0
-28,15,14,0
-6,11,37,0
-27,2,29,0
-69,11,54,0
-23,28,42,0
-9,34,38,0
5,35,67,0
9,38,70,0
-4,44,70,0
-7,43,63,0
-8,31,58,0
-11,29,56,0
-25,27,57,0
-16,27,53,0
-30,23,35,0
-27,16,33,0
-22,16,39,0
-27,21,60,0
-25,6,41,0
-34,3,55,0
-48,8,52,0
-54,5,41,0
-50,7,37,0
-45,8,42,0
-41,-16,50,0
-57,-9,52,0
-53,-3,72,0
-61,-10,54,0
-51,-13,45,0
-38,-15,45,0
-35,-14,50,0
-43,-13,48,0
-44,-14,45,0
-42,-15,45,0
-40,-15,47,0
-42,-15,47,0
-42,-14,46,0
-43,-15,46,0
-43,-15,47,0
-43,-15,47,0
-43,-16,47,0
-40,-16,48,0
-41,-15,47,0
-39,-15,49,0
-27,-16,51,0
-41,-11,44,0
-40,-12,47,0
-37,-10,48,0
-41,-11,47,0
-41,-15,46,0
-39,-14,49,0
-41,-12,49,0
-40,-16,47,0
-40,-15,48,0
-39,-14,50,0
-40,-12,49,0
-36,-14,47,0
-38,-14,47,0
-38,-10,50,0
-38,-11,49,0
-38,-14,46,0
-41,-11,47,0
-40,-14,48,0
-50,-10,44,0
-47,-13,29,0
-37,-11,51,0
-40,-10,49,1
-45,-15,53,1
-46,-11,55,1
-26,-9,60,1
-11,-53,50,1
-28,-21,38,1
-38,-14,39,1
-38,-11,53,1
-38,-8,50,1
-40,-10,50,1
-37,-12,46,1
-42,-13,44,1
-43,-14,47,1
-44,-15,47,1
-46,-16,45,1
-48,-15,47,1
-44,-14,47,1
-49,-16,43,1
-51,-18,44,1
-46,-16,47,1
-46,-17,51,1
-44,-19,55,1
-51,-16,39,1
-49,-12,44,1
-45,-6,45,1
-46,4,64,1
-31,6,66,1
-33,11,68,1
-29,14,66,1
-23,18,72,1
-21,22,76,1
-14,29,73,1
-9,35,74,1
-2,38,69,1
-5,47,72,1
-4,48,66,1
5,54,47,1
8,56,44,1
9,58,33,1
14,63,21,1
24,62,13,1
26,64,8,1
28,62,-1,1
38,67,-10,1
44,63,-7,1
-40,-60,85,1
-65,-27,127,1
-27,-22,-128,1
-108,-52,109,1
-39,38,21,1
27,84,67,1
53,78,63,1
20,59,37,1
-2,41,33,1
3,43,25,1
13,48,27,1
8,54,25,1
10,54,24,1
14,56,28,1
9,54,32,1
7,53,32,1
9,52,34,1
10,53,33,1
10,53,36,1
13,53,37,1
6,51,37,1
7,52,38,1
8,50,38,1
9,50,39,1
10,50,38,1
11,51,39,1
12,51,38,1
12,50,39,1
12,50,38,1
13,50,38,1
13,50,40,1
13,49,37,1
15,50,39,1
13,50,37,1
18,51,38,1
16,50,36,1
17,51,36,1
19,54,36,1
18,51,37,1
20,53,36,1
16,45,36,1
18,53,36,1
17,51,36,1
19,55,32,1
26,46,31,1
22,53,36,1
24,46,36,1
21,48,35,1
12,56,28,1
19,52,28,0
25,58,26,0
16,51,25,0
17,49,34,0
19,54,28,0
15,55,24,0
20,50,37,0
15,49,42,0
34,61,47,0
33,54,47,0
19,53,33,0
16,50,25,0
21,51,24,0
23,54,23,0
23,52,24,0
20,49,22,0
19,49,22,0
20,42,26,0
20,38,23,0
17,33,24,0
21,27,29,0
21,14,23,0
13,10,17,0
6,1,20,0
17,-4,13,0
21,22,9,0
10,44,16,0
6,49,18,0
26,48,25,0
35,60,28,0
41,72,5,0
12,67,13,0
3,67,35,0
-28,57,70,0
3,76,75,0
-31,62,-11,0
-103,30,-45,0
-64,-5,-85,0
2,-48,71,0
-67,-39,-63,0
-57,-26,-52,0
-88,-28,-33,0
-68,-22,-31,0
-62,-18,-34,0
-55,-14,-30,0
-68,-13,-43,0
-64,-11,-43,0
-55,-15,-27,0
-68,-14,-36,0
-68,-20,-23,0
-70,-18,7,0
-79,-19,-2,0
-72,-16,-12,0
-57,-16,-4,0
-45,-17,14,0
-49,-17,4,0
-62,-15,-1,0
-52,-14,7,0
-58,-12,-4,0
-64,-15,17,0
-61,-16,12,0
-51,-12,16,0
-51,-10,16,0
-50,-12,26,0
-48,-10,31,0
-58,-7,28,0
-59,-6,26,0
-48,-9,25,0
-54,-11,24,0
-56,-10,25,0
-52,-12,32,0
-39,-13,42,0
-36,-11,50,0
-77,-8,44,0
-63,-15,41,0
-54,-17,41,0
-51,-16,40,0
-45,-10,47,0
-43,-10,46,0
-46,-9,41,0
-40,-11,42,0
-41,-14,43,0
-40,-14,45,0
-32,-16,60,0
-28,-17,62,0
-27,-19,50,0
-40,-14,41,0
-36,-16,41,0
-38,-12,62,0
-47,-10,56,0
-48,-11,39,0
-45,-12,40,0
-46,-13,46,0
-45,-10,49,0
-42,-11,47,0
-41,-12,46,0
-31,-14,48,0
-36,-11,47,0
-38,-11,50,0
-36,-12,50,0
-38,-11,49,0
-40,-13,45,0
-38,-12,48,0
-40,-11,51,0
-43,-12,49,0
-42,-12,46,0
-39,-13,48,0
-38,-14,50,0
-40,-13,48,0
-39,-12,48,0
-38,-13,50,0
-37,-11,50,0
-37,-13,50,0
-39,-13,49,0
-39,-13,49,0
-37,-13,49,0
-38,-10,51,0
-40,-12,50,0
-38,-11,48,0
-37,-15,48,0
-39,-14,48,0
-38,-13,51,1
-41,-14,48,1
-34,-13,49,1
-33,-19,49,1
-43,-10,51,1
-37,-8,52,1
-36,-10,53,1
-40,-9,51,1
-41,-10,49,1
-40,-13,56,1
-15,-42,55,1
-32,-25,34,1
-34,-18,33,1
-33,-11,49,1
-32,-10,56,1
-41,-10,54,1
-45,-13,44,1
-44,-15,43,1
-48,-15,46,1
-49,-15,47,1
-54,-17,45,1
-56,-19,40,1
-61,-18,41,1
-57,-18,44,1
-43,-13,54,1
-42,-12,57,1
-43,-3,50,1
-44,3,59,1
-32,6,62,1
-23,16,64,1
-22,21,67,1
-9,25,72,1
-9,26,79,1
0,28,95,1
-3,31,94,1
-1,33,81,1
2,38,67,1
1,42,63,1
9,51,39,1
13,55,30,1
22,58,16,1
25,59,10,1
26,57,4,1
29,58,-3,1
35,58,-14,1
39,55,-10,1
61,59,-35,1
114,61,-111,1
93,23,-65,1
28,-11,13,1
-9,16,41,1
-19,34,-103,1
-29,-95,-128,1
-98,-33,113,1
-76,22,-10,1
70,71,77,1
63,77,45,1
-20,39,23,1
0,40,31,1
4,50,37,1
5,54,35,1
11,56,36,1
9,55,37,1
3,52,38,1
6,51,39,1
7,49,36,1
7,50,38,1
8,49,38,1
4,51,37,1
5,51,37,1
7,51,39,1
7,51,40,1
5,50,40,1
4,49,39,1
3,48,39,1
2,49,40,1
7,48,41,1
5,48,42,1
4,48,40,1
7,48,42,1
7,47,42,1
7,48,42,1
7,47,44,1
7,48,43,1
8,48,44,1
8,46,45,1
8,46,44,1
7,46,45,1
8,48,46,1
8,46,46,1
6,45,45,1
6,44,46,1
8,44,45,1
12,46,45,1
9,46,44,1
12,46,44,1
14,46,43,1
18,47,44,1
26,43,45,1
14,49,39,1
34,48,50,0
30,47,42,0
7,51,38,0
0,54,27,0
16,49,34,0
18,54,38,0
17,57,33,0
-1,46,28,0
-3,50,26,0
39,49,22,0
14,48,12,0
25,37,33,0
32,43,43,0
42,42,45,0
10,35,26,0
12,41,30,0
21,31,33,0
24,30,29,0
19,30,25,0
19,33,28,0
19,19,29,0
11,25,22,0
6,28,27,0
13,28,30,0
7,37,26,0
20,34,35,0
21,43,35,0
2,48,24,0
3,44,31,0
0,58,26,0
-12,46,27,0
-21,61,37,0
-48,43,32,0
-49,39,50,0
-62,43,55,0
-79,39,60,0
-68,50,81,0
-68,42,70,0
-66,37,85,0
-50,34,91,0
-40,25,70,0
-38,23,76,0
-27,14,78,0
-20,5,70,0
-24,6,75,0
-17,6,56,0
21,35,43,0
20,30,48,0
-10,42,24,0
-15,33,40,0
-26,37,38,0
-18,26,45,0
-11,19,50,0
-21,19,58,0
-39,24,59,0
-30,24,57,0
-45,24,32,0
-48,23,33,0
-46,24,39,0
-56,23,30,0
-67,15,31,0
-70,17,23,0
-41,22,33,0
-12,13,49,0
-21,9,14,0
-49,6,24,0
-68,-5,41,0
-66,-1,11,0
-78,0,-1,0
-70,-4,27,0
-67,2,8,0
-79,0,3,0
-76,-2,3,0
-60,-3,3,0
-51,-7,10,0
-52,-10,15,0
-60,-11,15,0
-69,-14,18,0
-48,-14,38,0
-41,-14,47,0
-31,-17,60,0
-26,-22,54,0
-42,-17,36,0
-38,-18,32,0
-36,-22,27,0
-26,-28,46,0
-4,-19,90,0
-54,-31,71,0
-61,-30,42,0
-40,-31,33,0
-43,-23,39,0
-40,-24,38,0
-46,-27,41,0
-46,-25,42,0
-44,-29,41,0
-44,-30,41,0
-39,-26,42,0
-42,-27,41,0
-42,-27,42,0
-38,-21,44,0
-38,-18,42,0
-37,-14,42,0
-40,-13,44,0
-39,-13,42,0
-40,-15,41,0
-44,-21,42,0
-46,-23,40,0
-50,-27,40,0
-49,-30,40,0
-47,-29,40,0
-42,-33,40,0
-44,-24,42,0
-37,-24,43,0
-36,-21,43,0
-39,-18,42,0
-38,-13,43,0
-40,-16,42,0
-42,-20,41,0
-42,-20,41,0
-44,-23,45,0
-43,-21,43,0
-37,-25,46,0
-40,-24,46,0
-38,-20,43,0
-33,-30,47,0
-43,-21,47,0
-41,-22,49,1
-41,-22,43,1
-34,-20,47,1
-35,-21,49,1
-41,-23,47,1
-41,-16,50,1
-37,-25,46,1
-45,-22,47,1
-49,-22,45,1
-46,-22,42,1
-46,-22,41,1
-51,-21,35,1
-52,-22,37,1
-47,-26,46,1
-48,-26,44,1
-51,-24,39,1
-51,-27,40,1
-43,-26,58,1
-48,-17,74,1
-46,-9,78,1
-38,-3,72,1
-29,1,72,1
-19,9,71,1
-16,11,78,1
-10,19,75,1
-7,18,77,1
-6,25,75,1
-7,28,70,1
0,34,65,1
2,46,50,1
7,49,43,1
20,56,31,1
22,55,24,1
31,59,11,1
31,61,5,1
34,63,-7,1
44,65,-12,1
54,59,-13,1
93,81,-73,1
127,82,-103,1
57,3,-26,1
21,-29,27,1
-73,-49,127,1
-65,-15,49,1
-128,-119,73,1
-92,5,37,1
31,66,39,1
56,73,53,1
29,62,27,1
-6,39,29,1
17,54,31,1
12,52,31,1
10,53,32,1
19,53,33,1
15,53,31,1
15,53,30,1
19,57,28,1
11,50,27,1
14,53,31,1
13,54,29,1
19,54,31,1
20,55,30,1
14,52,25,1
14,58,33,1
12,54,29,1
20,56,32,1
13,54,27,1
17,56,27,1
16,55,30,0
15,59,23,0
16,63,25,0
18,53,27,0
21,53,32,0
23,59,14,0
19,54,17,0
11,57,24,0
9,56,29,0
9,58,33,0
11,59,29,0
14,52,35,0
15,57,22,0
17,59,19,0
19,46,39,0
21,50,42,0
25,55,34,0
11,61,28,0
15,54,27,0
20,55,23,0
20,53,25,0
22,51,20,0
23,53,18,0
18,49,18,0
18,47,20,0
18,41,19,0
18,37,18,0
18,26,17,0
10,19,9,0
10,26,12,0
24,19,20,0
15,36,11,0
24,33,20,0
27,42,21,0
26,51,18,0
26,49,25,0
26,60,20,0
-12,46,11,0
-20,45,16,0
-49,20,19,0
-73,27,22,0
-60,19,39,0
-74,2,45,0
-110,-18,42,0
-101,-37,62,0
-101,-43,75,0
-75,-31,65,0
-70,-26,55,0
-51,-29,82,0
-77,-31,107,0
-63,-38,48,0
-58,-27,29,0
-56,-36,24,0
-53,-36,29,0
-47,-34,31,0
-52,-34,29,0
-55,-36,28,0
-50,-30,31,0
-55,-29,33,0
-52,-25,34,0
-49,-22,34,0
-51,-18,38,0
-51,-17,42,0
-54,-14,39,0
-57,-14,42,0
-51,-12,52,0
-50,-4,57,0
-38,0,70,0
-32,7,59,0
-34,9,53,0
-24,10,61,0
-18,13,62,0
-23,13,32,0
-53,-11,81,0
-65,23,62,0
-4,26,30,0
26,38,40,0
-8,38,44,0
-4,39,50,0
-5,41,44,0
-3,36,47,0
-20,35,57,0
-17,31,46,0
-18,22,54,0
-34,22,49,0
-31,24,44,0
-25,20,48,0
-30,21,48,0
-32,18,52,0
-31,16,48,0
-32,14,48,0
-37,9,49,0
-45,7,40,0
-52,-4,42,0
-55,-6,38,0
-45,-8,50,0
-49,-10,45,0
-53,-16,41,0
-58,-13,38,0
-75,-7,47,0
-72,-4,45,0
-66,-9,27,0
-53,-9,29,0
-57,-10,41,0
-55,-12,44,0
-55,-13,39,0
-50,-15,37,0
-47,-15,39,0
-41,-15,44,0
-44,-15,44,0
-43,-17,43,0
-42,-17,45,0
-42,-18,47,0
-44,-18,47,0
-40,-16,47,0
-42,-14,47,0
-43,-12,44,0
-45,-12,45,0
-45,-12,46,0
-41,-12,46,0
-41,-15,47,0
-35,-10,51,0
-37,-10,48,0
-41,-10,45,0
-41,-8,48,0
-41,-12,45,0
-41,-11,45,0
-42,-13,47,1
-41,-12,31,1
-40,-15,45,1
-46,-8,48,1
-44,-8,48,1
-40,-6,46,1
-42,-4,43,1
-39,-8,51,1
-35,-12,54,1
-42,-13,53,1
-44,-11,57,1
-40,0,61,1
-31,-9,44,1
-39,-16,30,1
-39,-15,39,1
-40,-13,47,1
-38,-9,54,1
-42,-10,50,1
-42,-11,42,1
-45,-12,40,1
-49,-13,44,1
-50,-14,43,1
-56,-15,43,1
-56,-12,43,1
-58,-14,41,1
-51,-11,35,1
-46,-14,36,1
-40,-10,51,1
-42,-12,47,1
-47,-7,60,1
-32,-2,63,1
-39,6,63,1
-33,9,72,1
-25,15,70,1
-21,19,80,1
-18,22,83,1
-20,25,81,1
-17,28,82,1
-8,34,76,1
-5,36,76,1
1,45,62,1
4,48,50,1
11,60,32,1
21,63,22,1
24,64,16,1
29,61,4,1
27,65,-3,1
36,62,-13,1
44,64,-15,1
78,66,-47,1
108,74,-90,1
77,13,-70,1
42,-32,1,1
-87,-70,127,1
58,62,-128,1
-64,-104,-124,1
-128,6,43,1
-44,35,-6,1
52,60,62,1
58,69,62,1
6,55,41,1
-14,50,31,1
-6,43,39,1
10,43,43,1
18,50,36,1
14,49,35,1
14,52,32,1
10,51,33,1
10,50,33,1
16,51,34,1
23,47,38,1
5,50,31,1
5,56,30,1
12,45,32,1
13,52,35,1
19,54,36,1
15,50,32,1
10,53,32,1
11,51,33,1
27,49,34,0
15,53,32,0
23,52,28,0
14,53,25,0
22,55,25,0
16,52,26,0
15,58,23,0
18,49,29,0
17,52,30,0
22,56,36,0
16,51,41,0
13,49,41,0
15,60,46,0
12,58,40,0
19,50,34,0
20,50,28,0
20,51,27,0
20,51,26,0
21,54,21,0
18,51,23,0
18,52,21,0
15,49,26,0
17,49,25,0
23,48,24,0
18,43,24,0
10,36,23,0
13,29,22,0
14,30,17,0
14,29,20,0
13,32,18,0
15,33,20,0
12,42,17,0
17,40,17,0
16,50,15,0
21,48,19,0
25,57,27,0
17,56,21,0
13,52,25,0
12,68,32,0
7,55,31,0
-7,60,39,0
-20,52,48,0
-25,55,56,0
-39,63,65,0
-26,57,67,0
-24,56,47,0
-14,53,54,0
5,40,59,0
2,38,51,0
2,37,38,0
7,30,20,0
-12,26,18,0
-4,16,43,0
-2,12,53,0
-22,22,38,0
-22,25,32,0
0,-12,115,0
37,87,65,0
4,25,69,0
7,34,80,0
-18,31,77,0
-28,28,52,0
-40,27,47,0
-43,25,44,0
-46,25,37,0
-56,22,28,0
-54,20,35,0
-51,14,38,0
-46,12,44,0
-49,10,45,0
-41,5,32,0
-43,5,30,0
-46,0,41,0
-49,-2,34,0
-44,-7,45,0
-55,-10,47,0
-55,-9,30,0
-58,-11,31,0
-53,-13,29,0
-80,-5,60,0
-60,-10,49,0
-54,-16,28,0
-51,-20,33,0
-53,-21,42,0
-53,-18,43,0
-48,-17,40,0
-44,-17,40,0
-41,-16,46,0
-41,-16,46,0
-45,-16,43,0
-40,-14,45,0
-43,-13,44,0
-42,-17,42,0
-40,-11,46,0
-42,-17,45,0
-44,-15,45,0
-44,-13,45,0
-45,-12,46,0
-40,-16,45,0
-41,-12,44,1
-42,-18,43,1
-38,-12,49,1
-36,-10,52,1
-43,-11,44,1
-35,-11,47,1
-41,-11,51,1
-41,-9,54,1
-40,-15,54,1
-40,-16,55,1
-38,-11,60,1
-39,-8,58,1
-31,-12,42,1
-38,-20,30,1
-38,-15,36,1
-41,-11,52,1
-43,-11,53,1
-48,-12,43,1
-51,-12,39,1
-51,-12,41,1
-54,-13,40,1
-58,-13,38,1
-61,-14,38,1
-66,-15,34,1
-56,-15,39,1
-55,-15,41,1
-37,-13,50,1
-44,-9,45,1
-41,-2,52,1
-40,2,58,1
-30,9,66,1
-23,13,67,1
-10,33,71,1
-2,41,75,1
-1,42,75,1
3,48,61,1
4,52,55,1
9,54,38,1
17,60,27,1
25,61,18,1
27,59,12,1
32,67,-3,1
36,65,-11,1
52,69,-15,1
55,57,-9,1
74,66,-29,1
117,68,-96,1
81,42,-82,1
23,-28,43,1
-46,-63,126,1
5,18,-24,1
-100,-123,21,1
-105,-6,41,1
35,60,9,1
52,68,16,1
46,68,32,1
1,60,21,1
-6,46,29,1
21,49,38,1
15,51,30,1
6,53,31,1
38,68,30,1
17,54,27,1
10,54,27,1
16,52,28,1
19,51,27,1
14,59,33,1
19,56,32,1
17,51,30,1
14,49,30,1
18,54,32,1
12,56,29,1
22,55,32,1
12,52,34,1
17,53,33,0
25,53,18,0
24,49,27,0
22,51,36,0
26,64,35,0
22,55,43,0
15,52,38,0
15,53,34,0
16,55,28,0
17,53,25,0
24,52,26,0
20,53,22,0
16,53,23,0
24,54,23,0
17,55,22,0
23,55,24,0
21,56,22,0
19,52,21,0
19,57,21,0
15,55,25,0
22,46,25,0
18,50,22,0
22,58,18,0
26,55,20,0
15,49,26,0
23,53,29,0
29,56,27,0
18,57,27,0
16,51,31,0
17,53,27,0
19,47,26,0
16,40,22,0
14,39,20,0
9,34,15,0
10,33,15,0
7,35,16,0
13,32,16,0
12,41,16,0
8,34,10,0
11,42,11,0
9,53,14,0
13,42,17,0
19,72,18,0
16,71,15,0
12,63,17,0
-55,69,51,0
-60,62,57,0
-51,55,64,0
-54,45,62,0
-49,26,71,0
-35,14,80,0
-23,11,75,0
-27,-1,69,0
-19,-1,73,0
-56,-18,115,0
9,-16,97,0
-28,16,53,0
-22,17,44,0
-14,13,37,0
-18,11,42,0
-21,5,51,0
-22,1,60,0
-17,0,57,0
-17,-4,63,0
-27,-4,66,0
-20,-4,66,0
-19,-2,69,0
-17,2,57,0
-16,2,53,0
-19,0,52,0
-21,-3,59,0
-19,1,64,0
-26,5,68,0
-21,10,71,0
-21,4,49,0
-18,2,53,0
-18,3,52,0
-16,2,56,0
-17,4,63,0
-20,6,61,0
-23,5,57,0
-24,3,65,0
-27,0,60,0
-26,-1,60,0
-27,-3,62,0
-28,16,61,0
-23,-23,63,0
-21,11,53,0
-20,-3,66,0
-6,-5,36,0
-24,17,80,0
-9,3,63,0
-3,10,53,0
-1,11,51,0
-6,13,54,0
-9,13,63,0
-2,13,68,0
-11,13,69,0
-26,16,66,0
-24,14,63,0
-33,16,63,0
-31,17,58,0
-34,16,44,0
-37,14,49,0
-39,13,55,0
-38,14,54,0
-35,14,50,0
-34,14,45,0
-34,13,44,0
-33,13,43,0
-30,12,45,0
-39,11,55,0
-31,10,64,0
-31,11,58,0
-34,12,51,0
-34,11,52,0
-37,11,55,0
-37,12,52,0
-33,10,52,0
-33,10,53,0
-32,9,54,0
-33,9,55,0
-33,9,53,0
-34,8,56,0
-32,8,55,0
-33,8,52,0
-33,7,53,0
-29,8,53,0
-32,8,53,0
-32,6,55,0
-32,8,54,0
-33,8,54,0
-32,8,54,0
-33,9,53,0
-34,9,53,0
-33,9,54,0
-34,8,54,0
-32,8,54,0
-35,10,53,0
-35,9,55,0
-31,8,54,0
-32,8,53,0
-32,8,52,0
-34,10,53,0
-33,11,53,0
-34,11,52,0
-34,11,52,0
-35,12,54,0
-32,14,56,0
-34,14,54,0
-33,13,55,0
-31,13,54,0
-29,14,52,0
-34,14,51,0
-33,13,52,0
-32,14,51,0
-34,14,52,0
-36,14,52,0
-32,17,54,0
-33,17,53,0
-34,17,53,0
-34,17,52,0
-36,17,49,0
-35,16,51,0
-34,15,52,0
-35,16,51,0
-34,16,51,0
-34,17,51,0
-35,17,51,0
-34,16,51,0
-35,16,51,0
-34,16,51,0
-34,16,51,0
-34,16,51,0
-34,16,52,0
-35,16,52,0
-34,16,51,0
-34,16,51,0
-34,16,50,0
-34,15,51,0
-34,15,51,0
-34,16,52,0
-34,15,52,0
-34,15,51,0
-34,15,52,0
-32,16,51,0
-34,16,51,0
-34,17,51,0
-34,16,51,0
-34,15,52,0
-34,15,52,0
-33,16,52,0
-33,16,52,0
-33,16,52,0
-33,17,53,0
-33,16,52,0
-31,16,52,0
-34,17,52,0
-34,16,52,0
-34,15,52,0
-33,15,52,0
-32,15,52,0
-33,15,52,0
-33,16,52,0
-33,16,52,0
-35,16,51,0
-33,16,52,0
-32,16,52,0
-33,16,52,0
-34,17,52,0
-33,17,53,0
-33,17,52,0
-34,17,52,0
-33,16,52,0
-33,16,51,0
-33,16,52,0
-34,16,52,0
-33,16,52,0
-33,17,52,0
-33,17,52,0
-33,17,52,0
-33,16,52,0
-33,16,52,0
-33,17,52,0
-34,16,51,0
-33,16,52,0
-33,16,52,0
-33,16,52,0
-33,16,52,0
-33,17,52,0
-34,17,52,0
-33,17,52,0
-33,16,52,0
-33,15,51,0
-33,15,52,0
-33,16,51,0
-34,17,52,0
-34,16,52,0
-33,16,52,0
-33,15,51,0
-34,16,52,0
-34,16,52,0
-33,16,52,0
-33,15,52,0
-33,16,52,0
-33,16,52,0
-33,16,52,0
-33,16,52,0
-33,16,52,0
-34,16,52,0
-33,16,52,0
-33,16,52,0
-33,16,52,0
-33,16,52,0
-33,16,52,0
-33,16,52,0
-33,16,52,0
-33,16,52,0
-33,16,52,0
-33,16,52,0
-33,16,52,0
-33,16,52,0
-33,16,52,0
-33,16,52,0
-33,16,52,0
-33,16,52,0
-33,16,52,0
-33,16,52,0
-33,16,52,0
-33,16,52,0
-33,16,52,0
-33,16,52,0
-33,16,52,0
-33,16,52,0
-33,16,52,0
-33,17,52,0
-33,16,53,0
-34,16,53,0
-33,16,51,0
-32,15,51,0
-32,15,51,0
-33,16,51,0
-34,16,53,0
-33,15,52,0
-33,14,52,0
-33,15,52,0
-33,16,53,0
-34,16,52,0
-32,16,52,0
-33,16,52,0
-33,16,52,0
-33,16,52,0
-33,15,53,0
-33,15,52,0
-33,15,52,0
-33,15,52,0
-33,15,52,0
-33,15,52,0
-32,15,53,0
-32,15,52,0
-32,15,53,0
-34,16,52,0
-33,16,53,0
-33,16,52,0
-32,15,53,0
-32,15,52,0
-33,15,52,0
-32,15,53,0
-32,15,53,0
-33,15,52,0
-32,16,52,0
-33,16,52,0
-33,16,53,0
-32,16,52,0
-32,15,52,0
-33,16,52,0
-33,16,52,0
-33,16,52,0
-33,16,52,0
-33,16,52,0
-33,16,52,0
-33,16,52,0
-33,16,52,0
-33,16,52,0
-33,15,52,0
-33,16,52,0
-33,16,52,0
-33,16,52,0
-33,17,52,0
-33,16,52,0
-33,16,52,0
-33,15,52,0
-33,15,52,0
-33,16,52,0
-33,16,52,0
-33,16,52,0
-34,16,53,0
-33,16,52,0
-36,16,52,0
-37,15,53,0
-38,17,54,0
-33,17,61,0
-27,21,59,0
-25,23,58,0
-14,22,57,0
-5,22,59,0
-9,23,54,0
-6,21,57,0
-10,21,60,0
-17,17,55,0
-15,14,56,0
-17,10,56,0
-13,9,57,0
-12,11,54,0
-15,10,55,0
-14,11,55,0
-16,13,53,0
-36,11,96,0
-19,17,54,0
-19,20,60,0
-18,19,59,0
-18,18,59,0
-17,17,59,0
-17,17,59,0
-18,17,59,0
-22,19,57,0
-23,19,57,0
-22,18,57,0
-22,18,58,0
-24,17,56,0
-21,17,58,0
-23,18,56,0
-23,17,57,0
-21,16,58,0
-22,16,57,0
-22,16,57,0
-22,16,57,0
-23,18,57,0
-23,17,57,0
-23,17,57,0
-24,17,57,0
-23,16,58,0
-21,16,58,0
-24,15,57,0
-24,15,57,0
-24,15,57,0
-24,15,56,0
-24,14,57,0
-24,14,57,0
-23,15,57,0
-24,15,57,0
-24,15,57,0
-24,15,57,0
-24,16,57,0
-25,16,56,0
-23,16,57,0
-24,16,57,0
-24,17,56,0
-24,17,57,0
-24,17,57,0
-24,17,57,0
-24,17,56,0
-24,17,56,0
-24,17,56,0
-25,17,56,0
-16,-68,11,0
-18,-68,10,0
-19,-56,11,0
-19,-52,10,0
-20,-51,10,0
-18,-54,12,0
-16,-59,13,0
-15,-59,13,0
-16,-59,14,0
-18,-59,14,0
-19,-59,15,0
-18,-58,16,0
-17,-58,16,0
-17,-61,16,0
-17,-64,17,0
-16,-63,18,0
-16,-61,26,0
-16,-60,27,0
-16,-62,24,0
-15,-60,22,0
-13,-60,19,0
-13,-59,19,0
-14,-55,18,0
-14,-54,18,0
-16,-54,24,0
-20,-51,31,0
-22,-51,30,0
-29,-51,21,0
-32,-50,16,0
-36,-48,14,0
-33,-51,14,0
-25,-59,27,0
-38,-62,28,0
-59,-74,30,0
-37,-65,47,0
-45,-55,39,0
-42,-53,31,0
-38,-43,27,0
-42,-42,25,0
-40,-34,29,0
-47,-26,36,0
-33,-15,30,0
-35,-11,22,0
-36,-6,26,0
-36,-6,26,0
-42,-3,9,0
-44,-5,14,0
-48,-11,18,0
-54,-6,-7,0
-57,-11,5,0
-58,-30,23,0
-59,-26,-12,0
-58,-26,-11,0
-65,-28,-13,0
-66,-30,-15,0
-61,-32,-16,0
-58,-34,-15,0
-56,-34,-13,0
-55,-33,-14,0
-54,-33,-14,0
-54,-32,-12,0
-51,-31,-11,0
-54,-30,-12,0
-55,-30,-11,0
-53,-29,-9,0
-54,-28,-10,0
-56,-29,-10,0
-57,-29,-10,0
-57,-29,-10,0
-57,-30,-11,0
-58,-30,-11,0
-57,-29,-11,0
-56,-28,-11,0
-57,-29,-11,0
-57,-29,-11,0
-57,-29,-10,0
-57,-29,-10,0
-58,-27,-10,0
-60,-28,-11,0
-66,-28,-8,0
-66,-27,-9,0
-67,-25,-8,0
-75,-24,-12,0
-70,-24,-10,0
-68,-19,-7,0
-63,-20,1,0
-66,-15,15,0
-61,-18,14,0
-62,-13,5,0
-56,-11,3,0
-58,-11,14,0
-57,-8,19,0
-33,-2,44,0
-44,-4,29,0
-38,-4,29,0
-43,-4,24,0
-39,-5,40,0
-40,-2,41,0
-54,-5,40,0
-46,-4,45,0
-43,-2,46,0
-55,-4,44,0
-46,-3,48,0
-49,3,46,0
-49,2,42,0
-35,3,50,0
-26,5,65,0
-28,3,55,0
-32,4,56,0
-28,4,50,0
-30,1,48,0
-30,0,62,0
-37,-1,49,0
-39,2,50,0
-39,2,49,0
-41,2,49,0
-40,1,47,0
-39,-1,47,0
-39,-1,53,0
-41,-2,52,0
-40,-3,51,0
-36,-3,50,0
-38,-4,50,0
-38,-4,52,0
-36,-3,52,0
-39,-3,53,0
-38,-3,52,0
-36,-3,51,0
-35,-2,50,0
-36,-2,52,0
-35,-2,52,0
-36,-3,52,0
-37,-3,51,0
-38,-3,50,0
-39,-3,51,0
-38,-4,51,0
-38,-3,51,0
-38,-3,50,0
-40,-2,51,0
-39,-3,51,0
-38,-5,51,0
-39,-5,51,0
-38,-6,50,0
-38,-6,48,0
-38,-6,50,0
-39,-6,51,0
-39,-5,51,0
-38,-4,51,0
-39,-4,50,0
-38,-5,50,0
-38,-5,51,0
-38,-6,50,0
-38,-6,51,0
-38,-5,50,0
-39,-4,50,0
-38,-4,52,0
-38,-4,52,0
-38,-4,51,0
-38,-4,51,0
-38,-5,51,0
-38,-5,50,0
-39,-5,50,0
-40,-5,50,0
-39,-5,49,0
-39,-6,49,0
-40,-6,50,0
-39,-6,50,0
-38,-6,50,0
-38,-6,50,0
-39,-10,50,0
-39,-10,49,0
-39,-8,49,0
-39,-8,50,0
-39,-8,50,0
-39,-8,50,0
-39,-8,49,0
-38,-8,50,0
-38,-8,50,0
-39,-7,50,0
-39,-7,50,0
-39,-7,50,0
-39,-8,50,0
-39,-7,49,0
-38,-7,49,0
-39,-7,49,0
-40,-7,49,0
-40,-7,49,0
-40,-7,49,0
-40,-7,49,0
-40,-6,49,0
-40,-6,49,0
-40,-6,49,0
-40,-7,49,0
-40,-7,49,0
-40,-7,49,0
-40,-7,50,0
-40,-7,50,0
-40,-7,49,0
-40,-8,49,0
-40,-8,48,0
-40,-8,49,0
-40,-9,49,0
-40,-9,49,0
-40,-9,49,0
-40,-9,49,0
-39,-9,50,0
-39,-9,49,0
-39,-9,49,0
-39,-9,49,0
-39,-9,49,0
-40,-9,49,0
-40,-9,49,0
-40,-9,49,0
-40,-9,49,0
-40,-9,49,0
-40,-8,49,0
-40,-8,49,0
-40,-8,49,0
-40,-8,49,0
-40,-8,49,0
-40,-8,49,0
-40,-8,49,0
-40,-8,49,0
-40,-8,49,0
-40,-7,49,0
-40,-8,49,0
-40,-8,48,0
-40,-9,49,0
-40,-9,49,0
-40,-9,49,0
-40,-9,49,0
-39,-9,49,0
-39,-9,49,0
-39,-9,49,0
-39,-9,49,0
-39,-9,49,0
-40,-9,49,0
-40,-9,49,0
-40,-8,49,0
-40,-9,49,0
-40,-9,49,0
-40,-9,49,0
-40,-9,49,0
-40,-9,49,0
-40,-9,49,0
-40,-9,49,0
-40,-9,49,0
-39,-9,49,0
-39,-9,49,0
-39,-9,49,0
-39,-9,49,0
-40,-9,49,0
-40,-9,49,0
-40,-9,49,0
-40,-9,49,0
-40,-9,49,0
-40,-9,49,0
-40,-9,49,0
-40,-9,49,0
-40,-9,49,0
-40,-9,49,0
-40,-9,49,0
-40,-9,49,0
-39,-9,49,0
-40,-9,49,0
-40,-9,49,0
-40,-9,49,0
-40,-9,49,0
-40,-9,49,0
-40,-9,49,0
-40,-9,49,0
-40,-9,48,0
-40,-9,48,0
-40,-9,49,0
-40,-9,49,0
-40,-9,49,0
-40,-10,49,0
-40,-9,49,0
-40,-9,48,0
-40,-9,49,0
-40,-9,49,0
-40,-9,49,0
-40,-10,49,0
-40,-10,48,0
-40,-10,49,0
-40,-10,49,0
-40,-10,49,0
-39,-10,49,0
-39,-10,49,0
-39,-10,49,0
-40,-10,49,0
-40,-9,49,0
-40,-9,49,0
-40,-10,49,0
-40,-9,49,0
-41,-8,49,0
-41,-8,49,0
-41,-8,49,0
-40,-10,48,0
-39,-11,47,0
-39,-12,46,0
-39,-11,47,0
-39,-11,49,0
-39,-10,50,0
-39,-10,50,0
-39,-10,50,0
-38,-8,50,0
-38,-6,50,0
-38,-6,50,0
-39,-7,49,0
-39,-8,49,0
-40,-9,49,0
-40,-9,50,0
-40,-8,50,0
-40,-8,50,0
-39,-8,49,0
-39,-7,50,0
-40,-7,49,0
-40,-9,48,0
-41,-8,48,0
-41,-8,49,0
-41,-8,48,0
-41,-8,49,0
-41,-8,49,0
-41,-7,47,0
-41,-9,47,0
-40,-8,49,0
-40,-8,49,0
-40,-9,48,0
-40,-10,49,0
-40,-10,49,0
-40,-10,47,0
-39,-10,49,0
-39,-9,50,0
-40,-8,49,0
-40,-9,48,0
-40,-8,48,0
-41,-9,48,0
-41,-8,48,0
-40,-8,49,0
-40,-9,49,0
-41,-8,48,0
-40,-9,48,0
-41,-9,48,0
-39,-9,49,0
-40,-9,48,0
-41,-9,48,0
-39,-9,49,0
-40,-9,48,0
-39,-9,49,0
-40,-10,48,0
-40,-9,50,0
-39,-9,49,0
-40,-9,48,0
-39,-9,49,0
-39,-10,49,0
-40,-10,48,0
-39,-10,49,0
-40,-10,49,0
-40,-10,49,0
-40,-10,49,0
-40,-9,49,0
-38,-10,50,0
-39,-10,49,0
-39,-9,50,0
-39,-9,50,0
-40,-9,49,0
-38,-9,49,0
-39,-9,50,0
-39,-10,49,2
-40,-10,49,2
-38,-9,49,2
-36,-11,50,2
-39,-10,49,2
-36,-10,49,2
-37,-10,51,2
-36,-10,50,2
-38,-8,51,2
-38,-10,50,2
-36,-10,48,2
-38,-8,53,2
-44,-6,51,2
-35,-11,51,2
-34,-9,54,2
-42,-13,51,2
-45,-12,53,2
-43,-3,62,2
-19,2,71,2
-48,7,36,2
-34,-13,36,2
-34,-15,40,2
-36,-11,50,2
-38,-9,55,2
-40,-6,52,2
-42,-7,48,2
-43,-8,49,2
-41,-9,47,2
-44,-10,48,2
-41,-10,48,2
-43,-10,50,2
-43,-10,46,2
-43,-8,50,2
-40,-6,51,2
-41,-6,52,2
-34,-5,55,2
-32,-5,55,2
-28,-5,54,2
-30,-6,54,2
-32,-7,64,2
-47,-18,78,2
-57,-22,84,2
-53,-12,65,2
-45,-9,57,2
-33,4,35,2
-19,12,30,2
-15,22,15,2
-9,22,9,2
13,25,-26,2
14,24,-32,2
25,18,-22,2
25,8,-27,2
17,-45,57,2
-70,-61,127,2
-49,-44,127,2
-7,-54,-57,2
-1,-128,-47,2
-49,-123,34,2
-89,-100,60,2
-39,-105,58,2
-4,-92,38,2
-28,-73,50,2
-33,-61,111,2
-44,-45,90,2
-39,-15,37,2
-9,-16,14,2
-96,32,18,2
-15,2,54,2
-3,18,-5,2
-13,13,-6,2
-32,18,-1,2
-17,21,17,2
-25,24,18,2
-36,25,28,2
-42,24,28,2
-42,19,37,2
-42,18,42,2
-56,13,42,2
-51,10,40,2
-52,8,31,2
-51,6,42,2
-55,8,37,2
-59,9,33,2
-53,7,29,2
-57,8,33,2
-60,10,44,2
-62,3,21,2
-64,7,18,2
-59,7,28,2
-59,3,33,2
-60,0,37,2
-64,-3,32,2
-64,-3,32,2
-63,-3,33,2
-60,-1,33,2
-52,1,35,2
-51,2,35,2
-52,1,35,2
-50,2,36,2
-50,1,36,2
-51,0,37,2
-48,-1,40,0
-51,-2,38,0
-49,-1,40,0
-51,3,37,0
-51,1,37,0
-52,2,36,0
-53,3,36,0
-53,5,37,0
-55,4,34,0
-56,2,37,0
-55,5,34,0
-53,7,36,0
-49,4,37,0
-52,4,36,0
-52,2,36,0
-50,3,37,0
-56,2,36,0
-54,2,35,0
-50,2,38,0
-52,3,37,0
-51,3,35,0
-54,3,34,0
-52,4,36,0
-50,3,37,0
-51,5,38,0
-55,2,34,0
-53,3,36,0
-50,4,38,0
-51,2,37,0
-52,2,34,2
-51,4,37,2
-53,3,36,2
-52,4,37,2
-51,3,37,2
-55,3,36,2
-53,1,38,2
-52,3,38,2
-54,1,36,2
-49,4,38,2
-51,4,37,2
-53,4,37,2
-55,1,36,2
-55,2,40,2
-47,2,44,2
-51,8,42,2
-47,0,37,2
-49,-8,32,2
-44,-7,40,2
-50,1,39,2
-53,-1,35,2
-53,1,34,2
-51,2,39,2
-51,4,36,2
-57,3,34,2
-54,5,35,2
-54,3,35,2
-56,0,35,2
-57,-1,36,2
-55,-1,32,2
-58,0,34,2
-55,2,41,2
-56,2,26,2
-50,2,23,2
-51,4,27,2
-50,5,25,2
-40,0,38,2
-45,1,51,2
-48,-3,72,2
-66,-8,74,2
-62,-10,72,2
-62,-8,65,2
-50,0,44,2
-30,9,30,2
-21,14,24,2
-7,22,9,2
4,25,-2,2
8,25,-14,2
8,20,-12,2
31,16,-14,2
26,1,8,2
-7,-35,113,2
-71,-34,127,2
-67,-1,127,2
21,-89,-70,2
-41,-121,-18,2
-88,-110,48,2
-110,-107,69,2
-16,-92,44,2
8,-88,37,2
-27,-79,106,2
-41,-75,105,2
-24,-57,55,2
-22,-37,44,2
-41,-31,3,2
3,-5,53,2
-30,19,23,2
-13,19,10,2
5,23,-1,2
11,28,-28,2
-6,24,-16,2
19,22,-20,2
33,22,-44,2
18,-14,11,2
-28,-50,127,2
-70,-66,127,2
-2,-25,108,2
88,-41,-92,2
-73,-128,7,2
-103,-128,28,2
-70,-95,63,2
-6,-93,52,2
20,-83,44,2
-41,-69,78,2
-40,-65,106,2
-22,-34,67,2
-25,-16,37,2
-44,-4,13,2
-53,13,19,2
-35,11,35,2
-25,9,20,2
-26,21,1,2
-25,25,9,2
-43,21,-9,2
-19,12,17,2
-22,8,19,2
-50,-3,45,2
-43,-5,65,2
-62,3,59,2
-60,8,56,2
-47,15,58,2
-46,17,61,2
-34,24,58,2
-29,26,64,2
-27,28,65,2
-22,26,51,2
-23,27,43,2
-24,23,30,2
-35,18,28,2
-33,15,21,2
-40,12,19,2
-60,0,15,2
-66,-2,12,2
-74,0,20,2
-68,-3,13,2
-62,-3,12,2
-52,-1,9,2
-67,15,63,2
-71,-8,42,2
-78,-10,28,2
-75,-15,29,2
-73,-15,31,2
-64,-12,30,2
-59,-10,30,2
-52,-7,33,2
-50,-6,34,2
-46,-5,37,2
-45,-5,39,2
-47,-5,40,2
-43,-7,41,2
-48,-5,38,2
-46,-7,39,0
-50,-4,40,0
-51,-5,37,0
-52,-1,36,0
-52,-1,37,0
-59,0,36,0
-51,-1,37,0
-51,-2,32,0
-58,3,32,0
-46,0,38,0
-49,2,38,0
-47,-2,38,0
-50,-2,38,0
-48,-1,38,0
-53,-3,39,0
-52,-3,38,0
-47,2,43,0
-48,4,44,0
-52,-2,40,0
-52,3,40,0
-50,-1,40,0
-53,1,40,0
-51,2,39,0
-46,-1,40,0
-52,0,40,0
-57,-3,37,0
-58,1,37,0
-52,2,43,0
-22,-15,49,0
-57,-1,29,2
-49,-5,33,2
-46,0,36,2
-47,-1,38,2
-53,0,38,2
-56,0,36,2
-58,-3,34,2
-55,0,38,2
-56,-1,35,2
-53,0,37,2
-53,0,35,2
-55,-3,37,2
-52,-1,40,2
-58,-4,38,2
-60,-7,37,2
-57,-3,39,2
-60,-7,33,2
-50,-3,38,2
-39,4,41,2
-36,2,44,2
-37,7,53,2
-39,8,52,2
-42,6,45,2
-41,6,42,2
-39,4,48,2
-44,1,72,2
-49,-1,72,2
-59,0,61,2
-49,6,56,2
-38,16,35,2
-26,19,25,2
-12,23,9,2
0,25,0,2
12,27,-21,2
15,24,-24,2
18,12,-10,2
19,-11,13,2
-2,-38,68,2
-84,-62,127,2
-89,-6,127,2
78,-17,-77,2
-33,-128,-44,2
-87,-128,44,2
-122,-97,69,2
-3,-70,55,2
11,-70,46,2
-37,-64,74,2
-41,-84,97,2
-40,-89,84,2
-44,-63,34,2
-55,4,61,2
-41,-4,36,2
-29,4,3,2
-1,12,-32,2
-1,10,-34,2
19,8,-33,2
38,8,-22,2
41,6,-27,2
21,-25,44,2
-6,-44,127,2
-49,-29,127,2
6,-12,127,2
-62,-128,-91,2
-117,-117,-14,2
-90,-92,62,2
-48,-80,67,2
11,-78,37,2
-27,-79,75,2
-25,-102,95,2
-46,-102,71,2
-37,-80,39,2
-46,-35,-33,2
-27,7,19,2
-38,28,25,2
9,30,3,2
12,43,-22,2
16,45,-20,2
12,28,-1,2
29,27,-22,2
-19,-25,61,2
-91,-55,127,2
-92,-25,127,2
80,-45,-86,2
-14,-128,-37,2
-67,-127,36,2
-97,-102,61,2
-6,-89,38,2
4,-76,45,2
10,-80,87,2
-74,-85,91,2
-34,-68,71,2
-41,-15,23,2
-47,-4,12,2
-30,17,50,2
-27,12,44,2
-18,13,7,2
-17,16,19,2
-20,13,21,2
-30,10,22,2
-34,8,34,2
-13,-1,67,2
-25,4,74,2
-27,14,52,2
-25,10,55,2
-27,13,53,2
-29,15,50,2
-32,22,47,2
-31,22,47,2
-31,23,37,2
-24,21,34,2
-24,22,37,2
-41,14,48,2
-33,16,54,2
-50,10,29,2
-48,10,39,2
-44,5,33,2
-49,-1,40,2
-58,9,54,2
-69,5,28,2
-68,5,21,2
-59,5,28,2
-54,7,38,0
-57,4,37,0
-63,4,31,0
-62,3,33,0
-61,1,35,0
-68,-4,31,0
-39,-5,50,0
-47,-5,36,0
-46,2,43,0
-47,1,44,0
-50,1,37,0
-49,1,36,0
-48,4,40,0
-45,1,41,0
-48,5,38,0
-52,0,36,0
-54,0,35,0
-46,8,42,0
-51,8,41,0
-41,2,42,0
-47,8,39,0
-51,4,37,0
-50,2,38,0
-57,6,36,0
-51,5,39,0
-53,1,37,0
-50,4,38,0
-54,1,34,0
-48,8,40,0
-52,4,28,0
-49,4,38,0
-48,3,38,0
-61,7,34,0
-56,7,37,0
-46,6,41,0
-46,5,45,0
-50,-1,41,0
-48,4,43,0
-41,4,49,0
-57,1,39,0
-51,0,42,0
-39,1,54,0
-38,1,52,0
-47,-3,31,0
-51,1,33,0
-42,3,47,0
-45,3,43,0
-49,1,37,0
-50,2,41,0
-50,1,42,2
-54,1,42,2
-52,2,42,2
-50,2,39,2
-53,1,36,2
-49,0,42,2
-50,-1,39,2
-56,-4,35,2
-56,-2,37,2
-50,2,46,2
-51,3,40,2
-52,7,37,2
-42,11,35,2
-44,11,40,2
-46,2,39,2
-45,2,38,2
-46,2,45,2
-49,-1,37,2
-62,-3,74,2
-57,0,57,2
-59,5,64,2
-45,8,59,2
-34,13,50,2
-27,21,36,2
-27,23,33,2
-13,26,19,2
-10,27,16,2
5,26,8,2
13,27,-5,2
17,23,-22,2
25,9,-26,2
15,-17,26,2
-22,-45,127,2
-100,-38,127,2
-25,-9,54,2
35,-30,-81,2
-33,-103,8,2
-40,-103,22,2
-92,-102,53,2
16,-87,21,2
20,-84,33,2
-32,-94,102,2
-54,-98,94,2
-34,-82,43,2
-31,-57,29,2
-54,-1,102,2
-1,23,9,2
7,32,-10,2
36,45,-35,2
38,45,-27,2
50,44,-24,2
39,29,-12,2
-36,-57,125,2
-85,-89,127,2
-80,-54,127,2
-16,-47,-65,2
-21,-110,-2,2
-8,-110,19,2
-48,-80,49,2
-32,-72,35,2
-3,-79,32,2
-6,-85,72,2
-34,-78,71,2
-53,-75,49,2
-19,-55,60,2
-18,-8,56,2
-36,8,19,2
-12,8,-2,2
7,15,-8,2
5,22,-26,2
18,37,-45,2
28,24,-33,2
11,-26,32,2
-21,-55,115,2
-72,-64,127,2
-38,-29,127,2
18,-114,-85,2
-49,-128,-13,2
-83,-98,53,2
-70,-79,64,2
10,-72,41,2
-20,-68,67,2
-30,-77,75,2
-37,-71,91,2
-29,-59,54,2
-29,-44,-13,2
-18,1,50,2
-20,-6,30,2
-20,2,3,2
0,15,-22,2
5,19,-26,2
6,20,-22,2
17,14,-16,2
-3,-20,52,2
-64,-48,127,2
-68,-11,127,2
106,-16,-57,2
-2,-89,-71,2
-105,-115,33,2
-127,-84,65,2
-33,-70,52,2
10,-68,56,2
-1,-68,50,2
-50,-63,87,2
-47,-69,100,2
-42,-51,58,2
-46,-42,36,2
-45,-27,17,2
-34,-24,0,2
-76,4,5,2
-14,3,13,2
-30,8,1,2
-25,21,-9,2
-31,21,-4,2
-45,12,9,2
-22,17,27,2
-52,16,56,2
-51,19,58,2
-64,25,46,2
-41,18,57,2
-40,25,46,2
-38,21,46,2
-48,18,38,2
-31,17,30,2
-23,13,26,2
-55,-1,25,2
-86,-1,17,2
-60,-4,26,2
-54,3,47,2
-72,0,14,2
-67,1,25,2
-65,3,23,2
-67,1,31,2
-62,2,31,2
-55,4,35,2
-53,2,35,2
-57,3,33,2
-56,2,34,2
-58,-1,32,2
-54,-1,33,2
-48,-3,39,2
-49,-3,43,0
-50,-3,41,0
-51,-4,37,0
-46,0,39,0
-46,-8,36,0
-58,8,36,0
-49,2,36,0
-55,6,33,0
-45,2,40,0
-48,1,37,0
-53,4,34,0
-55,4,36,0
-56,0,34,0
-58,5,34,0
-56,5,32,0
-52,2,38,0
-48,7,39,0
-52,1,32,0
-56,0,31,0
-50,4,43,0
-52,4,41,0
-49,2,42,0
-51,-3,41,0
-52,-1,40,0
-49,3,42,0
-55,4,39,0
-39,-15,35,0
-56,-2,27,0
-50,-1,34,0
-50,-2,35,2
-55,-3,34,2
-60,-2,31,2
-61,-1,31,2
-59,-1,31,2
-58,-3,31,2
-60,-3,28,2
-62,-5,27,2
-63,-2,31,2
-62,-3,30,2
-66,-2,25,2
-56,3,24,2
-53,6,19,2
-48,7,25,2
-44,6,23,2
-50,1,35,2
-61,-7,51,2
-69,-14,59,2
-96,-20,61,2
-60,-11,60,2
-41,-2,52,2
-32,13,27,2
-22,19,17,2
-15,23,10,2
8,28,-18,2
10,27,-22,2
27,24,-24,2
43,25,-40,2
25,-22,21,2
-4,-44,75,2
-78,-72,127,2
-81,-24,127,2
56,-40,-86,2
-24,-117,12,2
-27,-128,29,2
-77,-85,31,2
-18,-88,17,2
-4,-86,57,2
-21,-113,96,2
-57,-114,67,2
-36,-101,49,2
-44,-63,40,2
-13,5,19,2
13,30,-36,2
29,40,-32,2
48,50,-37,2
47,42,-17,2
53,45,-28,2
12,6,9,2
-15,-42,93,2
-63,-68,127,2
-73,-43,127,2
73,-128,-94,2
-64,-128,-3,2
-107,-128,32,2
-18,-103,26,2
12,-85,12,2
-1,-96,88,2
-37,-107,109,2
-36,-90,26,2
-58,-100,22,2
-4,-25,52,2
-17,4,6,2
5,16,-23,2
11,28,-35,2
10,27,-22,2
42,38,-32,2
53,59,-86,2
21,-44,50,2
-40,-66,127,2
-85,-39,127,2
-17,-23,103,2
-26,-128,-68,2
-104,-128,34,2
-92,-102,60,2
19,-77,25,2
17,-69,35,2
-40,-91,91,2
-49,-93,87,2
-47,-88,100,2
-20,-52,127,2
-27,3,12,2
-4,15,-22,2
24,29,-17,2
14,0,-5,2
1,-10,16,2
36,-2,-52,2
30,-4,-42,2
36,-12,6,2
12,-51,110,2
-42,-41,127,2
-18,-36,105,2
-36,-128,-85,2
-85,-117,5,2
-61,-89,35,2
1,-89,40,2
30,-97,79,2
-73,-117,83,2
-39,-96,73,2
-56,-52,11,2
-23,-41,106,2
3,20,-4,2
-11,24,-46,2
28,37,-43,2
7,41,-11,2
15,22,14,2
48,41,-28,2
18,21,-5,2
-58,-54,127,2
-64,-45,127,2
78,-20,-52,2
17,-128,-110,2
-77,-128,27,2
-108,-122,86,2
17,-96,28,2
-28,-89,61,2
-57,-105,91,2
-12,-89,86,2
-21,-67,52,2
-28,-21,5,2
-40,-13,-14,2
-29,16,65,2
18,9,24,2
-1,16,-24,2
-25,26,-11,2
-26,23,-15,2
-54,10,-19,2
-51,10,-1,2
-66,4,37,2
-51,5,45,2
-57,5,43,2
-54,5,37,2
-54,3,19,2
-56,0,15,2
-49,-2,23,2
-66,0,6,2
-73,13,68,2
-87,-4,4,2
-75,-6,7,2
-61,-11,18,2
-62,-11,23,2
-66,-9,30,2
-68,-11,27,2
-59,-12,26,2
-56,-12,29,2
-52,-14,32,2
-50,-12,32,0
-52,-14,30,0
-44,-12,37,0
-45,-10,36,0
-54,-8,28,0
-54,-4,28,0
-55,-9,27,0
-55,-8,25,0
-52,0,33,0
-59,-4,21,0
-56,-9,26,0
-61,-6,29,0
-63,-10,28,0
-57,-4,30,0
-49,-5,31,0
-54,-2,25,0
-54,0,28,0
-62,-4,29,0
-58,-9,29,0
-55,-6,34,0
-54,-7,37,0
-51,-8,38,0
-59,-12,30,0
-46,-21,31,0
-50,-15,30,2
-49,-15,31,2
-53,-15,28,2
-54,-13,32,2
-60,-8,28,2
-62,-10,16,2
-72,-7,24,2
-71,-4,16,2
-79,-6,14,2
-73,-5,18,2
-73,-3,20,2
-80,-11,16,2
-75,-13,19,2
-56,-5,31,2
-59,-8,34,2
-54,-3,26,2
-54,-3,66,2
-62,-3,56,2
-41,7,51,2
-39,15,39,2
-27,18,40,2
-22,20,35,2
-14,18,22,2
-13,20,32,2
-4,27,21,2
-1,28,14,2
-1,21,7,2
3,24,21,2
26,28,2,2
26,6,-39,2
22,-35,33,2
-38,-44,127,2
-67,-63,127,2
-34,-30,58,2
50,-62,-77,2
-25,-127,10,2
-85,-106,47,2
-80,-99,35,2
7,-93,67,2
-26,-107,105,2
-41,-98,113,2
-21,-79,96,2
-38,0,93,2
-3,-14,75,2
-10,17,-9,2
7,20,-29,2
19,21,-49,2
-4,12,-24,2
20,18,-27,2
18,6,-30,2
38,2,-12,2
-25,-54,127,2
-65,-66,127,2
23,-42,54,2
64,-89,-104,2
-123,-128,7,2
-104,-128,41,2
23,-87,30,2
5,-88,67,2
-56,-103,106,2
-16,-100,66,2
-13,-80,39,2
-33,-47,-44,2
-54,-35,127,2
21,25,-39,2
0,28,-49,2
29,41,-25,2
30,42,-21,2
51,46,-23,2
0,-15,57,2
-56,-62,127,2
-78,-26,127,2
-6,-58,-3,2
-31,-128,-34,2
-48,-128,10,2
-83,-96,31,2
-49,-83,12,2
23,-89,44,2
-44,-106,80,2
-41,-102,63,2
-36,-81,55,2
-31,-39,127,2
-11,12,10,2
1,14,-17,2
23,28,-28,2
40,38,-50,2
8,23,1,2
49,45,-57,2
14,-13,22,2
-80,-72,127,2
-84,-34,127,2
71,-37,-85,2
-19,-113,-84,2
-111,-124,18,2
-91,-98,59,2
23,-80,35,2
31,-77,58,2
-61,-90,71,2
-17,-81,71,2
-27,-61,43,2
-23,-37,-3,2
-12,5,48,2
-9,5,32,2
-25,8,26,2
11,22,-8,2
8,21,-4,2
2,24,3,2
20,20,-22,2
18,3,7,2
-34,-23,103,2
-87,-52,127,2
13,-119,-88,2
-9,-128,-16,2
-68,-93,73,2
-59,-70,54,2
-7,-53,23,2
-6,-68,29,2
12,-85,64,2
-34,-91,85,2
-25,-91,78,2
-53,-75,-11,2
6,-32,76,2
-59,-9,32,2
2,-8,17,2
13,27,-39,2
13,31,-36,2
37,40,-47,2
19,-3,6,2
1,-36,82,2
-88,-63,127,2
-74,-11,127,2
44,-61,-83,2
-64,-128,-30,2
-55,-107,47,2
-58,-92,77,2
-14,-83,52,2
3,-78,42,2
-23,-76,96,2
-47,-74,107,2
-28,-56,79,2
-42,-16,6,2
-54,-10,3,2
-33,8,7,2
-6,0,23,2
-82,17,-17,2
-65,19,4,2
-28,22,18,2
-17,20,20,2
-25,20,25,2
-28,26,33,2
-24,24,30,2
-28,20,20,0
-25,18,29,0
-36,8,32,0
-44,2,32,0
-47,-1,38,0
-56,-7,29,0
-77,-6,28,0
-54,-7,35,0
-80,-4,32,0
-77,-8,27,0
-79,-7,22,0
-66,-7,19,0
-66,-9,22,0
-64,-6,27,0
-61,-8,27,0
-58,-12,26,0
-57,-13,25,0
-55,-14,29,0
-53,-13,35,0
-54,-14,34,0
-48,-12,34,0
-47,-15,32,0
-72,-12,20,0
-52,-7,33,0
-49,-9,32,0
-57,-8,27,0
-49,-2,31,0
-52,-13,34,0
-57,-9,33,0
-57,-5,34,0
-54,-10,33,0
-55,3,31,0
-56,-2,24,0
-47,-3,36,0
-52,1,39,0
-53,-7,36,0
-55,-7,38,0
-60,-4,35,0
-54,-11,32,0
-54,-9,34,0
-53,-6,38,0
-59,-8,33,0
-52,-4,33,0
-29,-17,42,0
-55,-10,28,0
-49,-10,27,0
-55,-11,27,0
-55,-11,31,0
-54,-10,33,0
-57,-9,29,2
-55,-10,28,2
-57,-11,27,2
-56,-12,29,2
-53,-14,31,2
-57,-17,24,2
-58,-16,31,2
-65,-16,25,2
-70,-14,18,2
-70,-16,23,2
-82,-9,21,2
-78,-24,27,2
-74,-23,30,2
-79,-13,38,2
-85,-7,31,2
-41,4,25,2
-27,16,24,2
-13,22,6,2
7,24,0,2
14,28,-13,2
25,19,-18,2
35,18,-19,2
46,5,-15,2
15,-55,57,2
-61,-81,127,2
-85,-51,127,2
9,-17,-31,2
30,-90,-57,2
-46,-105,19,2
-74,-125,59,2
-32,-93,50,2
-16,-82,52,2
-16,-84,90,2
-51,-77,85,2
-38,-72,63,2
-34,-61,32,2
-51,-50,-10,2
-14,-10,53,2
-51,6,18,2
2,22,-18,2
40,44,-56,2
23,36,-33,2
52,36,-29,2
31,23,-10,2
-54,-50,127,2
-103,-53,127,2
23,-32,14,2
73,-78,-84,2
-82,-128,-17,2
-89,-118,42,2
-26,-90,12,2
30,-88,49,2
-15,-106,65,2
-33,-101,81,2
-20,-84,55,2
-50,-58,26,2
-14,-17,97,2
-30,18,11,2
5,18,-7,2
26,33,-40,2
12,28,-29,2
3,25,2,2
41,39,-60,2
10,-29,41,2
-97,-82,127,2
-95,-47,127,2
74,-52,-86,2
-19,-128,-58,2
-99,-116,27,2
-80,-87,74,2
18,-72,31,2
-12,-73,64,2
-47,-90,96,2
-18,-81,58,2
-22,-66,41,2
-34,-18,66,2
-8,-24,89,2
-23,6,-10,2
8,2,-30,2
11,6,-40,2
-8,8,-17,2
75,50,-90,2
15,-58,80,2
-36,-63,127,2
-62,-13,127,2
41,-27,53,2
-99,-128,-56,2
-110,-121,4,2
-28,-83,75,2
-9,-74,56,2
-8,-69,50,2
-38,-90,107,2
-42,-99,94,2
-17,-66,39,2
-21,-46,25,2
-1,-17,92,2
-45,-9,35,2
8,10,-31,2
2,19,-33,2
29,41,-53,2
45,44,-57,2
8,-13,23,2
-31,-57,127,2
-93,-72,127,2
0,-51,31,2
60,-86,-88,2
-55,-112,-11,2
-68,-115,5,2
-46,-83,33,2
3,-87,31,2
1,-94,61,2
-47,-100,101,2
-32,-75,48,2
-33,-54,-10,2
-20,-19,64,2
-17,13,18,2
-14,23,-10,2
10,25,2,2
33,43,-21,2
17,27,-12,2
27,13,5,2
-29,-37,111,2
-58,-49,127,2
-17,-39,92,2
1,-128,-72,2
-66,-128,-11,2
-78,-97,49,2
-36,-81,39,2
3,-71,31,2
2,-70,50,2
-55,-79,83,2
-42,-77,94,2
-34,-37,31,2
-53,6,85,2
-16,-11,61,2
-17,4,-1,2
0,11,-15,2
13,8,-37,2
23,11,-50,2
13,-1,-3,2
46,0,1,2
-15,-45,114,2
-58,-38,127,2
-3,-40,106,2
-27,-116,-59,2
-52,-113,-6,2
-48,-89,43,2
-69,-78,40,2
12,-88,67,2
-9,-90,76,2
-86,-99,78,2
-63,-92,82,2
-38,-62,66,2
-38,4,9,2
-54,5,25,2
18,27,23,2
22,12,-21,2
-25,22,-52,2
-18,9,-38,2
-50,-15,-39,2
-70,-28,-30,2
-90,-21,15,2
-50,-11,50,2
-61,6,35,2
-55,4,30,2
-49,5,29,2
-70,14,66,2
-58,5,34,2
-52,-2,20,2
-54,-5,30,2
-57,-4,32,2
-59,-4,35,2
-51,-9,39,2
-48,-11,33,2
-53,-14,34,2
-47,-15,45,2
-47,-16,44,2
-51,-15,39,2
-51,-14,37,2
-48,-12,38,2
-42,-12,38,2
-47,-11,34,0
-48,-9,36,0
-51,-6,36,0
-55,-10,34,0
-47,-3,39,0
-54,-2,36,0
-57,-8,33,0
-57,-3,33,0
-57,0,34,0
-53,-6,36,0
-51,1,38,0
-47,-11,35,0
-51,-2,40,0
-50,-4,46,0
-51,-6,42,0
-49,-6,43,0
-47,-6,50,0
-49,-3,56,0
-50,-7,47,0
-31,-36,41,2
-41,-16,33,2
-45,-14,29,2
-47,-13,32,2
-49,-9,34,2
-54,-8,26,2
-60,-5,31,2
-61,-3,24,2
-73,-7,12,2
-90,-2,12,2
-75,0,28,2
-70,-3,26,2
-61,-5,28,2
-58,-7,32,2
-69,-14,30,2
-73,-21,47,2
-70,-20,44,2
-72,-14,45,2
-61,-4,40,2
-35,11,26,2
-24,16,26,2
-9,23,13,2
4,26,10,2
16,30,-5,2
16,21,-2,2
27,20,-7,2
14,1,11,2
7,-14,46,2
-43,-33,127,2
-43,4,127,2
5,-13,-92,2
-9,-128,-65,2
-58,-128,30,2
-68,-125,74,2
-39,-93,50,2
-2,-82,20,2
-31,-86,46,2
-55,-97,93,2
-51,-103,81,2
-42,-60,-12,2
-36,-17,102,2
-23,-3,28,2
6,32,-38,2
28,41,-53,2
13,33,-12,2
31,35,-16,2
58,41,-46,2
13,-6,18,2
-54,-45,127,2
-56,-48,127,2
35,-28,24,2
50,-82,-112,2
-49,-128,3,2
-83,-128,30,2
-38,-93,40,2
38,-77,26,2
8,-78,57,2
-53,-99,109,2
-31,-90,56,2
-31,-91,-18,2
-50,-24,71,2
-39,-4,26,2
-21,7,-3,2
25,27,-53,2
-2,12,2,2
52,34,-25,2
36,21,-45,2
8,-47,71,2
-69,-71,127,2
-80,-18,127,2
66,-68,-97,2
-6,-128,-37,2
-40,-127,28,2
-65,-98,54,2
-18,-83,12,2
29,-86,53,2
4,-101,91,2
-43,-96,79,2
-19,-71,55,2
-6,-58,15,2
-57,-18,103,2
-27,-14,8,2
-3,2,-17,2
30,29,-59,2
44,36,-42,2
81,55,-62,2
1,-58,82,2
-64,-94,127,2
-81,-41,127,2
11,-52,22,2
-15,-128,-40,2
-36,-117,12,2
-89,-84,37,2
-64,-77,22,2
29,-86,40,2
-26,-103,97,2
-44,-105,96,2
-26,-65,32,2
-28,-44,17,2
-32,1,78,2
-63,-5,34,2
-2,14,-28,2
23,26,-51,2
12,29,-35,2
37,35,-28,2
36,12,-15,2
-70,-79,127,2
-97,-68,127,2
75,-35,-51,2
41,-125,-82,2
-75,-123,14,2
-89,-98,60,2
-8,-75,24,2
26,-78,34,2
-33,-111,97,2
-36,-107,68,2
-30,-82,58,2
-50,-20,86,2
1,-20,69,2
-19,17,-5,2
-9,22,-15,2
10,31,-36,2
0,28,-40,2
17,21,-27,2
18,15,-9,2
53,42,-51,2
-28,-51,127,2
-89,-51,127,2
24,-66,6,2
36,-112,-98,2
-121,-128,38,2
-106,-111,61,2
40,-74,30,2
23,-79,44,2
-60,-118,90,2
-44,-116,93,2
-34,-65,46,2
-47,-12,17,2
26,-2,105,2
0,11,13,2
17,16,-14,2
31,39,-63,2
26,36,-51,2
60,39,-59,2
41,22,-37,2
-56,-40,127,2
-53,1,127,2
41,-29,8,2
-80,-128,-53,2
-101,-128,12,2
-47,-98,61,2
6,-91,46,2
-10,-95,78,2
-82,-113,69,2
-23,-111,56,2
-38,-86,46,2
-9,-57,21,2
-70,-31,54,2
-85,-11,-48,2
33,6,-14,2
9,24,-30,2
48,29,0,2
36,27,2,2
69,30,-24,2
87,32,-80,2
-16,-66,103,2
-47,-77,127,2
-52,-49,127,2
53,-128,-63,2
5,-128,-12,2
-95,-128,35,2
-107,-107,56,2
-3,-97,21,2
-18,-89,59,2
-56,-101,79,2
-75,-96,57,2
-40,-80,35,2
55,-37,30,2
-128,-18,-24,2
1,7,-1,2
15,24,-7,2
-25,17,-6,2
-40,21,-10,2
-16,19,52,2
-45,18,30,2
-56,12,25,2
-55,10,28,2
-70,1,29,2
-70,-3,32,2
-64,-6,34,2
-62,-7,36,2
-57,-7,39,0
-46,-7,40,0
-45,-8,41,0
-45,-10,43,0
-45,-11,44,0
-47,-8,44,0
-43,-8,43,0
-45,-5,43,0
-43,-4,42,0
-43,1,46,0
-47,-4,42,0
-44,-1,43,0
-49,3,39,0
-39,1,46,0
-45,-1,43,0
-43,0,44,0
-42,0,48,0
-45,4,47,0
-49,-1,43,0
-45,6,48,2
-43,7,51,2
-42,4,49,2
-41,-2,50,2
-44,-1,51,2
-43,1,51,2
-44,4,55,2
-34,-15,52,2
-50,-5,37,2
-44,-6,34,2
-40,-6,36,2
-42,-6,46,2
-43,-2,51,2
-47,2,45,2
-46,3,42,2
-50,3,44,2
-53,3,42,2
-53,1,42,2
-66,0,38,2
-62,5,42,2
-66,3,38,2
-61,0,47,2
-49,4,52,2
-51,7,60,2
-32,19,41,2
-23,20,33,2
-8,22,15,2
1,23,7,2
12,22,-8,2
25,20,-23,2
45,22,-46,2
14,-28,15,2
4,-44,87,2
-57,-69,127,2
-58,2,127,2
29,-56,-78,2
-66,-128,-23,2
-57,-128,59,2
-42,-74,51,2
-12,-63,45,2
-17,-70,59,2
-25,-84,84,2
-36,-74,64,2
-55,-68,51,2
-5,-127,87,2
-128,-36,106,2
-34,-33,-65,2
-18,-25,-52,2
54,32,-27,2
71,27,-70,2
64,30,-64,2
51,11,-27,2
34,-27,59,2
-70,-50,127,2
-28,-15,127,2
40,-128,-91,2
-107,-128,-7,2
-103,-128,20,2
-47,-98,38,2
58,-90,29,2
-93,-120,90,2
-19,-127,94,2
-69,-91,-6,2
-48,-83,61,2
-6,3,-14,2
-66,8,-52,2
8,10,-38,2
21,23,-48,2
44,40,-53,2
59,70,-62,2
87,64,-11,2
-38,-52,123,2
-73,-112,127,2
-46,-89,109,2
-7,-128,-35,2
-61,-128,7,2
-29,-91,14,2
11,-70,15,2
-8,-85,40,2
-33,-114,106,2
-46,-95,43,2
-59,-82,11,2
-3,-32,81,2
-27,-21,31,2
-3,-2,-34,2
-4,2,-55,2
3,6,-49,2
29,21,-55,2
22,43,-64,2
11,-10,94,2
-49,-30,127,2
-50,9,127,2
45,-14,56,2
-92,-128,-79,2
-90,-128,-17,2
-67,-110,81,2
-15,-107,61,2
7,-95,75,2
-51,-105,83,2
-26,-102,77,2
-36,-78,1,2
-45,-48,68,2
-31,-12,42,2
-8,-1,3,2
38,27,-53,2
34,31,-55,2
14,23,-10,2
54,27,-27,2
20,-6,6,2
-11,-30,82,2
-79,-51,127,2
42,-41,-17,2
55,-96,-97,2
-86,-128,5,2
-115,-128,49,2
-29,-94,12,2
5,-79,6,2
-22,-91,75,2
-65,-100,87,2
-44,-90,4,2
2,-50,106,2
-34,-22,32,2
3,21,-18,2
15,31,-28,2
12,29,-3,2
40,43,-28,2
32,35,-50,2
28,-15,36,2
-61,-44,127,2
-72,-30,127,2
13,-40,-29,2
-58,-128,-38,2
-28,-128,34,2
-62,-86,54,2
-39,-71,30,2
5,-76,37,2
-19,-82,51,2
-43,-98,102,2
-34,-86,85,2
-40,-49,8,2
-23,-2,67,2
-20,4,22,2
-5,19,-27,2
3,24,-32,2
1,21,-21,2
6,12,6,2
46,44,-60,2
6,-24,32,2
-73,-79,127,2
-76,-40,127,2
55,-76,-108,2
-34,-122,27,2
-37,-113,53,2
-33,-57,29,2
1,-68,28,2
13,-83,64,2
-11,-94,77,2
-34,-92,86,2
-29,-75,56,2
-39,-43,-5,2
-14,-2,44,2
6,5,33,2
-15,16,21,2
15,26,7,2
41,45,-52,2
18,34,-46,2
11,-18,107,2
-3,9,112,2
-38,6,127,2
-5,-22,13,2
-43,-128,-41,2
-46,-128,81,2
-53,-88,71,2
29,-78,49,2
41,-80,46,2
-63,-80,69,2
-27,-88,92,2
-17,-76,76,2
-33,-65,54,2
-37,-49,4,2
17,-29,97,2
-7,-7,-1,2
6,16,-51,2
29,26,-59,2
32,23,-26,2
68,42,-54,2
13,-43,109,2
-61,-63,127,2
-27,-13,127,2
47,-37,-52,2
-68,-128,-2,2
-69,-114,78,2
-44,-98,78,2
9,-83,54,2
-1,-83,75,2
-51,-87,107,2
-41,-74,98,2
-25,-51,41,2
-48,-38,16,2
6,-22,36,2
3,-16,31,2
-12,25,30,2
-13,22,-13,2
-9,16,-16,2
-29,18,2,2
-43,19,1,2
-37,20,6,2
-23,23,17,2
-26,25,16,2
-42,16,12,2
-59,9,23,2
-59,10,21,0
-47,27,102,0
-73,-3,21,0
-89,-5,10,0
-80,-3,26,0
-77,-2,32,0
-65,-1,23,0
-62,0,22,0
-54,-10,37,0
-72,-9,9,0
-60,-3,30,0
-54,-4,35,0
-56,-5,29,0
-58,-3,28,0
-55,-2,32,0
-49,0,31,0
-52,-2,30,0
-56,0,28,0
-54,-1,30,0
-57,5,30,0
-53,0,28,0
-57,3,25,0
-51,3,33,0
-67,2,23,0
-66,4,22,0
-54,8,29,0
-57,5,29,0
-58,11,32,0
-56,-3,23,0
-62,-1,18,2
-56,4,39,2
-56,3,40,2
-56,-8,32,2
-56,-7,43,2
-54,-2,61,2
-43,-38,25,2
-55,-6,22,2
-56,-6,24,2
-54,-2,30,2
-58,-1,26,2
-64,3,21,2
-63,5,24,2
-72,1,19,2
-79,4,22,2
-78,4,29,2
-85,6,25,2
-83,-3,18,2
-83,-3,15,2
-57,-3,30,2
-21,-1,55,2
-28,11,36,2
-25,14,23,2
-6,15,4,2
3,12,-13,2
6,16,-18,2
31,19,-38,2
59,23,-58,2
16,-55,40,2
-36,-65,127,2
-53,-30,127,2
-26,-24,73,2
29,-128,-39,2
-61,-128,49,2
-87,-127,65,2
-15,-86,22,2
21,-88,54,2
-62,-118,113,2
-38,-113,104,2
-54,-82,26,2
24,-31,92,2
-70,-13,45,2
-25,-7,-23,2
2,15,-46,2
16,34,-59,2
16,33,-46,2
59,48,-80,2
50,18,-26,2
-52,-36,127,2
-63,-46,127,2
42,-25,44,2
57,-77,-87,2
-82,-128,-18,2
-113,-128,52,2
-6,-106,31,2
14,-93,64,2
-62,-107,72,2
-20,-109,100,2
-8,-79,66,2
-52,-55,-24,2
-39,-17,127,2
5,8,-30,2
-8,6,-56,2
24,27,-55,2
39,34,-38,2
56,44,-55,2
43,13,-18,2
13,-25,68,2
-90,-76,127,2
-51,-30,127,2
26,-127,-89,2
-30,-128,-34,2
-36,-128,45,2
-61,-93,43,2
24,-82,28,2
-60,-118,104,2
-58,-128,96,2
-52,-114,11,2
-20,-53,127,2
-43,-5,0,2
-21,3,-34,2
13,20,-49,2
0,20,-26,2
32,31,-34,2
64,52,-71,2
61,41,-54,2
-32,-57,127,2
-98,-72,127,2
-25,-32,100,2
79,-37,-91,2
-45,-128,-32,2
-59,-128,12,2
-79,-77,16,2
12,-82,15,2
-15,-110,57,2
-36,-124,99,2
-22,-96,64,2
-58,-39,70,2
-27,-29,71,2
-15,7,-2,2
5,11,-2,2
13,32,-4,2
21,39,-14,2
-2,29,-4,2
41,42,-27,2
61,49,-63,2
-14,-42,94,2
-48,-50,127,2
-40,-24,127,2
40,-74,-2,2
-72,-128,-53,2
-118,-128,39,2
-44,-82,1,2
40,-71,11,2
-46,-99,83,2
-49,-122,74,2
-31,-103,37,2
-63,-69,-3,2
-4,2,61,2
-61,7,8,2
-8,-2,5,2
21,26,-40,2
32,33,-49,2
15,29,-9,2
56,57,-77,2
28,-26,30,2
-80,-69,127,2
-84,-66,127,2
31,-58,-48,2
35,-124,-60,2
-103,-128,17,2
-92,-109,76,2
1,-77,41,2
16,-76,63,2
-63,-110,88,2
-27,-90,50,2
-28,-75,22,2
-70,-25,118,2
-21,-11,39,2
-6,1,-37,2
-1,1,-45,2
7,0,-29,2
32,11,-49,2
62,25,-60,2
43,20,-32,2
6,-30,85,2
-77,-73,127,2
-36,-42,127,2
47,-128,-87,2
-52,-128,-57,2
-92,-120,42,2
-75,-87,43,2
44,-100,66,2
-42,-116,77,2
-47,-117,75,2
-21,-57,28,2
-57,-49,-11,2
-5,-9,48,2
-43,6,22,2
4,27,-24,2
12,35,-43,2
30,39,-39,2
25,37,-28,2
23,16,-17,2
-8,-24,63,2
-82,-46,127,2
8,-43,41,2
78,-93,-97,2
-89,-128,2,2
-109,-128,66,2
19,-88,16,2
49,-82,39,2
-65,-114,69,2
-41,-115,83,2
-31,-76,28,2
-32,-49,43,2
-46,-34,106,2
-10,4,-18,2
22,13,-29,2
21,38,-42,2
-6,32,-11,2
56,62,-66,2
61,44,-53,2
-19,-47,94,2
-87,-81,127,2
-66,-34,127,2
69,-87,-90,2
-42,-128,-53,2
-106,-128,42,2
-85,-104,61,2
16,-87,20,2
7,-78,49,2
-44,-94,74,2
-38,-84,62,2
-24,-50,50,2
-21,-31,32,2
-27,12,48,2
-39,15,37,2
-32,13,21,2
1,21,-2,2
1,18,-17,2
3,13,-18,2
33,20,-41,2
0,-10,-16,2
-13,-40,83,2
-39,-20,127,2
-3,-28,90,2
72,-47,-80,2
-80,-128,-6,2
-93,-128,57,2
-31,-90,55,2
20,-74,45,2
-43,-84,86,2
-53,-91,88,2
-48,-68,78,2
-49,-59,67,2
-36,-28,41,2
-48,-21,22,2
-105,35,-17,2
-17,17,-8,2
2,23,-3,2
-20,16,-10,2
-44,15,-5,2
-25,11,12,2
-27,7,15,2
-38,11,22,2
-72,3,-8,2
-69,2,12,2
-68,1,43,2
-70,-1,33,2
-70,-6,20,2
-77,-10,21,0
-68,-11,28,0
-63,-14,33,0
-52,-17,33,0
-54,-19,32,0
-41,-25,38,0
-36,-21,41,0
-46,-19,36,0
-47,-18,35,0
-47,-13,36,0
-42,-11,40,0
-45,-10,38,0
-49,-7,36,0
-50,-8,39,0
-45,-10,43,0
-52,-11,37,0
-52,-5,36,0
-50,-9,34,0
-55,-8,32,0
-47,-8,39,0
-52,-7,37,0
-49,-11,36,0
-48,-9,39,0
-51,-5,38,0
-50,-7,38,0
-49,-2,36,0
-49,-7,44,0
-53,-9,44,0
-54,-10,41,0
-50,-9,44,0
-51,-15,39,0
-50,-15,39,0
-41,-15,51,0
-50,-10,47,0
-52,-11,40,0
-46,-13,42,0
-55,-9,34,0
-45,-13,35,0
-46,-11,37,0
-47,-10,35,0
-48,-10,35,0
-49,-10,36,0
-51,-9,36,0
-53,-9,36,0
-52,-9,36,0
-55,-9,35,0
-52,-8,36,0
-54,-8,35,0
-54,-7,34,0
-55,-7,33,0
-53,-7,35,0
-54,-7,35,0
-57,-7,34,0
-58,-7,34,0
-55,-6,35,0
-57,-6,33,0
-57,-6,34,0
-57,-4,37,0
-63,-4,34,0
-53,-2,36,2
-52,-1,36,2
-50,1,36,2
-50,3,39,2
-47,6,40,2
-44,7,40,2
-46,8,37,2
-44,8,38,2
-40,10,40,2
-40,9,44,2
-43,10,44,2
-42,12,41,2
-40,12,39,2
-43,13,34,2
-38,15,34,2
-29,17,36,2
-30,17,30,2
-26,19,38,2
-25,11,49,2
-36,6,59,2
-39,-2,83,2
-52,-8,89,2
-65,-9,90,2
-56,-7,86,2
-58,4,75,2
-46,11,61,2
-32,23,43,2
-21,26,32,2
-6,28,27,2
-2,34,15,2
2,34,11,2
4,30,15,2
8,27,15,2
31,22,-2,2
49,24,-36,2
24,-36,21,2
24,-59,110,2
-23,-51,127,2
100,-54,28,2
104,-108,-93,2
-68,-128,-24,2
-56,-128,43,2
14,-111,43,2
17,-106,43,2
-95,-128,73,2
-36,-128,101,2
-26,-95,20,2
-24,-57,20,2
-32,-31,31,2
-6,-1,-10,2
-4,-19,-5,2
-43,-6,-74,2
-35,10,-44,2
-20,18,-10,2
-25,25,-43,2
-22,17,-5,2
-16,25,2,2
16,34,-25,2
47,33,-60,2
-47,-62,9,2
-30,-110,127,2
-37,-39,127,2
-19,-99,-113,2
-128,-128,-111,2
3,-92,-36,2
31,-92,17,2
78,-89,76,2
50,-86,89,2
4,-78,52,2
-20,-57,8,2
-38,-49,-8,2
-51,-35,-11,2
-52,-36,-8,2
-38,-28,4,2
-34,-27,9,2
-40,-30,6,2
-41,-32,3,2
-39,-46,-8,2
-42,-67,-18,2
-60,-74,-13,2
-61,-69,4,2
-51,-63,8,2
-35,-62,9,2
-26,-56,7,2
-1,-56,19,2
5,-54,24,2
22,-49,54,2
31,-60,58,2
36,-74,49,2
62,-77,57,2
16,-92,73,2
-25,-127,117,2
-47,-128,72,2
-47,-105,43,2
-46,-99,36,2
-13,-91,25,2
-26,-56,51,2
-56,-47,-46,2
-34,-14,-108,2
-5,-4,-54,2
-26,23,-28,2
10,38,-45,2
65,21,-20,2
70,24,-12,2
58,25,17,2
16,-30,127,2
-13,-42,127,2
112,-100,66,2
12,-128,-48,2
-17,-128,22,2
-84,-86,28,2
9,-93,57,2
-70,-108,71,2
-40,-114,73,2
-52,-115,-24,2
-26,-107,43,2
-53,-20,-93,2
-34,16,-10,2
-40,-5,-36,2
-33,10,-67,2
-24,3,-41,2
-8,4,-47,2
7,-1,-58,2
21,-1,-58,2
26,-30,-57,2
-17,-72,-6,2
-46,-121,127,2
3,-105,121,2
-125,-128,-128,2
-128,-128,-70,2
53,-98,-37,2
83,-101,63,2
62,-95,81,2
9,-78,53,2
-15,-78,31,2
-38,-59,-11,2
-39,-50,-18,2
-40,-47,-16,2
-34,-49,-14,2
-23,-49,-4,2
-24,-51,-3,2
-23,-59,-6,2
-31,-71,-10,2
-29,-77,-10,2
-31,-72,0,2
-28,-70,6,2
-17,-66,17,2
-10,-61,20,2
-5,-57,20,2
-4,-53,20,2
-9,-48,22,2
-7,-40,28,2
-9,-35,28,2
-8,-34,22,2
-6,-34,19,2
-13,-38,20,2
-7,-43,25,2
-7,-62,34,2
5,-84,31,2
40,-119,29,2
26,-128,36,2
55,-128,52,2
26,-128,38,2
-4,-128,28,2
76,-113,127,2
3,-128,76,2
-19,-70,-40,2
-24,-25,-94,2
77,82,-59,2
91,94,-2,2
88,53,-96,2
-64,-83,-41,2
-34,-128,36,2
-128,-128,-111,2
76,-57,-112,2
20,-60,-3,2
32,-3,43,2
56,-67,36,2
79,-83,40,2
-61,-89,40,2
-25,-94,77,2
-6,-82,112,2
-31,-72,55,2
-40,-52,24,2
-3,-11,38,2
-21,-24,-36,2
45,2,63,2
42,13,35,2
127,51,-128,2
127,56,-114,2
36,-115,127,2
77,-86,127,2
127,-128,-37,2
-116,-128,-37,2
-87,-99,-15,2
-67,-123,86,2
-49,-128,90,2
17,-91,25,2
44,-56,-33,2
21,24,-31,2
27,78,-95,2
-33,-25,-42,2
2,-34,-63,2
-34,-52,-64,2
-61,-85,-76,2
-39,-87,-44,2
-68,-66,-60,2
-55,-59,-72,2
-18,-42,-106,2
21,-25,-124,2
-40,-100,58,2
-14,-128,127,2
-66,-126,110,2
-37,-128,-33,2
-35,-115,-17,2
35,-73,-7,2
24,-79,-3,2
18,-87,55,2
0,-83,40,2
-25,-77,-13,2
-26,-63,-24,2
-54,-54,-56,2
-47,-46,-46,2
-32,-45,-17,2
-24,-41,7,2
-20,-39,15,2
-18,-48,18,2
-19,-49,20,2
-22,-48,23,2
-16,-52,30,2
-8,-57,25,2
-11,-56,17,2
-16,-52,21,2
-19,-45,13,2
-16,-43,14,2
-12,-45,18,2
-10,-48,18,2
17,-48,45,2
28,-56,42,2
91,-84,59,2
72,-91,43,2
45,-98,89,2
28,-100,88,2
-41,-108,41,2
-65,-110,-1,2
-15,-114,22,2
-46,-99,-31,2
-58,-70,-71,2
-44,-45,-54,2
-20,0,-81,2
-14,9,-64,2
-27,-2,-27,2
22,19,-15,2
100,31,-32,2
73,22,8,2
-4,-50,88,2
-18,-100,127,2
96,-105,40,2
127,-128,-44,2
-92,-128,-24,2
-101,-128,-7,2
21,-128,122,2
-48,-67,-98,2
-80,-5,-128,2
-45,0,-75,2
-10,22,-65,2
97,73,-121,2
88,32,-25,2
-11,-75,127,2
-14,-128,127,2
-41,-128,41,2
-80,-128,17,2
-70,-128,-5,2
61,-101,127,2
113,46,-83,2
61,-22,43,2
-28,-85,127,2
113,-103,25,2
103,-128,-24,2
-90,-128,-8,2
-65,-128,29,2
118,-128,127,2
-80,-29,-52,2
-64,3,-67,2
-12,42,-29,2
9,41,-18,2
86,49,-30,2
71,55,-35,2
11,-8,72,2
20,-83,127,2
127,-128,10,2
-128,-128,-39,2
-128,-128,-38,2
-54,-119,12,2
-45,-80,-13,2
-76,-46,113,2
-61,-35,-2,2
-19,26,-70,2
6,20,-60,2
-24,-5,-77,2
39,33,-107,2
36,-11,-31,2
-82,-101,127,2
-62,-68,127,2
21,-108,-60,2
-4,-128,-25,2
-16,-78,-6,2
-12,-81,-16,2
-1,-109,29,2
-13,-89,66,2
-44,-75,39,2
-26,-48,3,2
-28,-40,-12,2
-37,-34,-14,2
-36,-37,-7,2
-37,-51,5,2
-35,-60,13,2
-22,-68,22,2
3,-36,13,2
5,-30,11,2
0,-26,11,2
-3,-26,9,2
-12,-34,4,2
-29,-43,-3,2
-32,-64,1,2
-37,-64,-1,2
-36,-57,-7,2
-23,-54,-7,2
-22,-51,-2,2
-7,-52,1,2
3,-59,1,2
20,-97,17,2
33,-120,26,2
34,-128,51,2
3,-128,41,2
7,-124,88,2
-46,-90,11,2
-26,-20,-99,2
-36,26,-61,2
-14,-4,-32,2
52,-25,-71,2
115,-11,-59,2
112,-29,12,2
127,-60,66,2
126,-112,80,2
127,-128,48,2
2,-128,-1,2
-67,-117,-20,2
-42,-109,3,2
16,-63,24,2
16,-50,43,2
-15,-6,-44,2
-47,-35,-28,2
-8,-23,-20,2
-6,-13,-41,2
-20,-23,-24,2
-43,-31,-46,2
-62,-79,-58,2
-32,-40,-77,2
-20,-18,-79,2
6,9,-71,2
65,38,-84,2
-33,-119,95,2
-34,-128,127,2
-72,-111,102,2
-103,-125,-28,2
-1,-128,-40,2
32,-63,-17,2
33,-60,-16,2
-1,-77,12,2
-10,-73,58,2
-38,-74,26,2
-29,-63,12,2
-23,-67,2,2
-21,-70,-1,2
-22,-62,-4,2
-15,-65,5,2
-10,-66,22,2
-7,-56,18,2
-4,-56,14,2
-10,-49,11,2
-12,-46,12,2
-8,-35,9,2
-12,-33,12,2
-15,-32,19,2
-11,-29,17,2
-5,-26,16,2
-4,-27,13,2
-1,-35,11,2
7,-48,17,2
15,-63,27,2
54,-72,59,2
69,-73,88,2
57,-115,80,2
58,-111,97,2
14,-119,59,2
34,-110,45,2
-128,-71,-27,2
-12,-93,-3,2
-18,-81,-23,2
-5,-59,-30,2
-17,-59,-29,2
1,-56,-16,2
-1,-58,-10,2
10,-45,-18,2
-4,-46,-25,2
-15,-32,-18,2
-28,-31,-41,2
-29,-18,-40,2
47,20,-33,2
-12,-2,3,2
-11,-67,80,2
-28,-124,101,2
13,-128,15,2
26,-128,21,2
18,-128,38,2
-13,-128,17,2
21,-119,-7,2
25,-48,1,2
-32,-31,23,2
83,-6,-20,2
127,31,-99,2
60,-19,14,2
48,-31,59,2
39,-124,79,2
124,-128,27,2
-2,-128,-66,2
-66,-128,-83,2
-18,-128,45,2
-60,-65,-21,2
-42,-31,-16,2
-57,-23,-32,2
-68,-27,-45,2
-50,-22,-50,2
-58,-25,-42,2
-77,-20,-45,2
-82,-40,-10,2
-63,-46,-22,2
-74,-39,-19,2
-59,-52,-11,2
-35,-61,-42,2
-20,-62,-46,2
-1,-95,-62,2
5,-103,-70,2
25,-90,-38,2
20,-77,-43,2
25,-42,-60,2
37,-33,-48,2
15,-25,-3,2
21,-102,127,2
-11,-98,127,2
-33,-76,93,2
9,-82,20,2
-13,-114,29,2
-20,-80,28,2
6,-98,16,2
22,-108,18,2
10,-77,74,2
7,-76,61,2
-3,-57,24,2
-15,-52,1,2
-15,-54,-8,2
-18,-56,-17,2
-15,-55,-18,2
-6,-48,-19,2
-4,-49,-18,2
-1,-54,-13,2
-4,-53,-18,2
-5,-57,-22,2
-7,-59,-23,2
-11,-60,-18,2
-6,-56,-14,2
-5,-55,-9,2
-5,-55,-1,2
-7,-54,2,2
-4,-50,9,2
-12,-49,20,2
12,-51,37,2
15,-73,45,2
16,-95,56,2
22,-110,73,2
-19,-119,58,2
-23,-128,27,2
-16,-121,9,2
0,-118,68,2
-48,-105,-66,2
-58,-49,-59,2
-62,-38,-56,2
-49,-35,-45,2
-74,-37,-78,2
-21,-42,-33,2
-10,-27,-60,2
8,-24,-51,2
30,-3,-51,2
39,25,-58,2
-7,-14,10,2
-1,-51,57,2
-78,-106,72,2
-84,-128,-31,2
5,-128,53,2
-22,-128,64,2
-6,-115,47,2
-3,-72,-36,2
-86,-128,127,2
81,34,-94,2
114,71,-128,2
97,-17,30,2
15,-64,74,2
53,-112,63,2
68,-128,-4,2
-59,-128,-23,2
-107,-124,-92,2
-50,-128,-27,2
-82,-66,-32,2
-56,5,-80,2
2,25,-60,2
-13,15,-61,2
-13,28,-76,2
-33,5,-59,2
-49,-105,72,2
-27,-125,125,2
-48,-113,36,2
24,-128,-14,2
13,-106,-10,2
16,-84,11,2
18,-73,20,2
14,-69,52,2
15,-54,80,2
0,-47,56,2
-6,-42,39,2
-11,-42,22,2
-24,-52,11,2
-27,-53,10,2
-26,-57,14,2
-23,-58,13,2
-15,-66,19,2
-31,-64,20,2
-30,-58,10,2
-26,-54,7,2
-25,-49,-3,2
-28,-44,1,2
-26,-39,7,2
-27,-52,7,2
-28,-62,14,2
-12,-77,30,2
2,-89,32,2
-8,-115,62,2
3,-104,69,2
-34,-105,84,2
-28,-100,55,2
-32,-81,43,2
-54,-72,0,2
-60,-48,41,2
-80,-33,-97,2
-116,-61,-115,2
-73,-66,-93,2
-50,-44,-96,2
-27,-25,-48,2
-24,-12,-38,2
60,14,-32,2
92,25,-32,2
94,20,8,2
7,4,127,2
33,-13,127,2
127,-128,-39,2
56,-128,-123,2
-99,-128,54,2
-25,-113,37,2
35,-128,70,2
-39,-128,63,2
-6,-128,94,2
13,-114,40,2
-26,-45,84,2
36,20,-74,2
12,17,-38,2
2,-1,-38,2
-2,-7,-58,2
-3,-25,-36,2
-32,-32,-37,2
-64,-16,-67,2
-52,-25,-43,2
-45,-46,-25,2
-57,-59,14,2
-66,-82,22,2
-77,-85,36,2
-72,-96,24,2
54,-126,61,2
127,-109,123,2
95,-96,35,2
84,-119,36,2
48,-82,42,2
35,-92,16,2
-5,-76,-32,2
-28,-59,-55,2
-24,-51,-48,2
-27,-43,-42,2
-18,-41,-34,2
-10,-46,-21,2
-15,-51,-23,2
-17,-54,-38,2
-20,-55,-40,2
-24,-66,-39,2
-24,-66,-35,2
-35,-68,-42,2
-21,-83,-17,2
-29,-104,0,2
7,-123,16,2
-17,-128,31,2
-7,-128,74,2
-20,-128,75,2
127,-97,127,2
1,-92,127,2
-67,-8,-78,2
-36,0,-60,2
-45,6,-95,2
-28,-16,-89,2
-24,-24,-89,2
-33,-55,-128,2
-27,-71,-46,2
-52,-107,54,2
-67,-128,69,2
-3,-110,-128,2
39,-128,-9,2
96,-108,17,2
41,-116,25,2
15,-120,41,2
3,-99,38,2
-3,-82,28,2
-27,-83,8,2
-46,-91,2,2
-52,-86,12,2
-56,-82,21,2
-44,-55,12,2
-21,-18,3,2
-21,-8,3,2
-24,2,0,2
-23,4,1,2
-20,5,4,2
-19,0,6,2
-17,-12,5,2
-20,-25,3,2
-34,-63,-1,2
-44,-82,1,2
-64,-93,-4,2
-45,-76,-4,2
-41,-69,-2,2
-30,-60,9,2
-22,-55,11,2
0,-40,28,2
9,-52,44,2
42,-114,70,2
65,-128,96,2
29,-128,66,2
18,-128,44,2
26,-128,126,2
-21,-77,-26,2
-5,-62,-44,2
-12,-29,-103,2
-8,-32,-94,2
-13,-76,-26,2
13,-84,-40,2
66,-55,-69,2
72,-77,15,2
93,-109,88,2
127,-128,-127,2
10,-128,-54,2
-10,-128,25,2
-12,-128,17,2
-30,-101,-32,2
-4,-80,-37,2
-30,-49,-19,2
70,-64,75,2
19,-53,-45,2
0,-56,-44,2
14,-54,-22,2
-84,-43,-82,2
-28,-44,-36,2
-50,-50,-37,2
-69,-48,-43,2
-75,-49,-26,2
-74,-55,-26,2
-81,-72,-41,2
-50,-81,-42,2
19,-91,-70,2
17,-80,-113,2
24,-77,-95,2
22,-99,26,2
-5,-127,82,2
-58,-128,50,2
2,-128,-71,2
121,-111,-8,2
54,-92,-8,2
19,-84,17,2
-1,-71,39,2
-12,-70,35,2
3,-58,21,2
-8,-57,14,2
-20,-48,15,2
-19,-46,11,2
-22,-56,11,2
-24,-59,14,2
-22,-59,19,2
-11,-57,27,2
-9,-56,24,2
12,-51,25,2
18,-46,27,2
45,-60,48,2
52,-73,54,2
81,-95,66,2
58,-101,65,2
33,-117,79,2
33,-122,66,2
18,-113,33,2
11,-107,13,2
67,-87,73,2
31,-80,-78,2
-18,-58,-122,2
-10,-42,-27,2
-1,-24,-32,2
-65,-71,-42,2
-111,-96,-71,2
-115,-84,-41,2
-128,-81,-72,2
-45,-44,-109,2
-7,-15,-79,2
-14,-4,-43,2
12,0,-14,2
38,-6,-8,2
127,-9,-38,2
102,11,-48,2
40,-55,127,2
31,-75,127,2
127,-128,-61,2
9,-128,-95,2
-30,-128,27,2
-46,-128,73,2
-74,-128,74,2
-56,-76,16,2
-21,-119,56,2
26,-22,-19,2
-70,-17,-78,2
-91,-35,-39,2
-73,-15,-58,2
-76,0,-106,2
-49,-24,-96,2
28,-38,-12,2
-28,-58,-78,2
-21,-73,-73,2
-11,-75,-82,2
-18,-68,-103,2
116,-51,-39,2
22,-88,31,2
-43,-128,127,2
-63,-110,127,2
32,-123,4,2
-28,-74,-16,2
9,-45,-1,2
21,-73,-3,2
5,-92,-1,2
-25,-108,55,2
-33,-99,48,2
-22,-82,9,2
-24,-73,0,2
-36,-40,-13,2
-35,-35,-21,2
-21,-43,-29,2
-13,-55,-17,2
-10,-60,-18,2
-16,-62,-23,2
-16,-61,-24,2
-19,-56,-21,2
-21,-54,-19,2
-25,-59,-18,2
-19,-64,-16,2
-14,-60,-12,2
-10,-60,-6,2
-6,-75,6,2
36,-94,31,2
56,-93,25,2
54,-109,58,2
44,-103,70,2
-1,-109,65,2
-42,-111,51,2
-35,-107,57,2
-32,-85,114,2
-36,-45,-88,2
-39,-22,-43,2
-37,-24,-27,2
-37,-29,-73,2
-55,-25,-75,2
-25,-36,-56,2
-12,-40,-60,2
-7,-20,-54,2
30,-3,-58,2
37,21,-69,2
82,-14,37,2
-66,-108,127,2
-17,-64,119,2
74,-108,-95,2
-28,-128,-4,2
-68,-113,6,2
-10,-98,27,2
13,-121,76,2
-109,-128,64,2
-92,-105,27,2
-40,-100,33,2
42,41,11,2
-27,26,-11,2
-1,35,-4,2
19,34,-1,2
-5,20,4,2
16,18,17,2
-2,3,-6,2
-21,-7,-7,2
-77,5,103,2
-56,2,83,2
-73,-15,30,2
-59,-29,29,2
-62,-37,32,2
-48,-33,46,2
-44,-33,43,2
-24,-39,41,2
-41,-34,37,2
-31,-27,45,2
-34,-32,39,2
-27,-20,47,2
-33,-13,44,2
-34,-14,53,2
-37,-19,57,2
-43,-17,55,2
-40,-21,61,2
-40,-20,56,2
-47,-11,52,2
-44,-11,56,2
-47,-13,45,2
-37,-16,40,2
-42,-21,24,2
-32,-11,31,2
-40,-16,28,2
-47,-15,43,2
-56,-16,49,2
-46,-27,57,2
-39,-26,58,2
-40,-20,51,2
-45,-18,46,2
-52,-10,47,2
-37,-17,53,2
-28,-32,43,2
-39,-16,25,2
-47,-10,23,2
-52,-5,35,2
-55,-3,41,2
-60,-6,37,2
-61,-7,32,2
-68,-7,25,2
-74,-6,28,2
-77,-3,37,2
-73,-6,36,2
-66,-13,28,2
-53,-22,28,2
-56,-24,25,2
-52,-20,45,2
-42,-19,57,2
-34,-22,63,2
-25,-25,65,2
2,-29,62,2
2,-26,55,2
-20,-16,32,2
-45,-10,13,2
-42,-3,10,2
-27,6,9,2
-23,9,7,0
-10,9,5,0
-13,3,9,0
-62,-19,1,0
-60,-30,15,0
-61,-60,34,0
-58,-67,41,0
-48,-75,51,0
-41,-73,54,0
-35,-70,46,0
-27,-65,50,0
-25,-61,42,0
-22,-62,42,0
-22,-61,46,0
-17,-54,43,0
-12,-49,30,0
-18,-53,34,0
-15,-50,32,0
-11,-50,32,0
-14,-62,38,0
-11,-64,37,0
6,-60,41,0
4,-58,34,0
-8,-52,36,0
-14,-51,35,0
-20,-45,28,0
-26,-44,26,0
-28,-43,25,0
-30,-48,31,0
-31,-50,35,0
-30,-52,37,0
-28,-53,38,0
-22,-51,34,0
-19,-50,35,0
-18,-49,37,0
-18,-49,33,0
-15,-48,33,0
-15,-49,34,0
-17,-50,30,0
-15,-54,41,0
-15,-54,41,0
-20,-56,31,0
-16,-55,42,0
-17,-53,31,0
-20,-53,31,0
-28,-51,24,0
-28,-51,24,0
-25,-50,24,0
-24,-51,26,0
-25,-52,30,0
-19,-53,31,0
-18,-56,37,0
-16,-56,41,0
-15,-55,40,0
-10,-53,41,0
-10,-51,38,0
-14,-51,39,0
-16,-50,38,0
-17,-47,34,0
-20,-47,36,0
-23,-47,36,0
-22,-49,34,0
-22,-50,33,0
-23,-51,32,0
-25,-50,31,0
-24,-48,33,0
-25,-47,34,0
-28,-47,36,0
-28,-47,37,0
-28,-46,36,0
-27,-48,40,0
-26,-48,40,0
-26,-48,41,0
-27,-48,39,0
-26,-49,39,0
-27,-48,37,0
-27,-47,36,0
-27,-47,37,0
-29,-45,39,0
-31,-42,34,0
-34,-41,32,0
-34,-41,39,0
-33,-40,42,0
-38,-34,31,0
-42,-33,30,0
-43,-30,34,0
-44,-31,36,0
-43,-28,34,0
-43,-29,31,0
-41,-33,28,0
-43,-40,27,0
-44,-41,28,0
-39,-46,29,0
-40,-47,31,0
-40,-40,30,0
-37,-38,28,0
-35,-36,24,0
-35,-37,23,0
-32,-44,24,0
-28,-53,27,0
-24,-55,31,0
-25,-56,31,0
-27,-54,30,0
-27,-53,29,0
-28,-52,29,0
-30,-48,33,0
-29,-47,33,0
-31,-46,33,0
-33,-46,34,0
-33,-46,33,0
-31,-44,32,0
-30,-43,31,0
-31,-43,26,0
-32,-44,24,0
-35,-41,20,0
-39,-41,15,0
-42,-38,14,0
-43,-40,8,0
-41,-40,5,0
-45,-40,-4,0
-44,-39,-10,0
-48,-39,-19,0
-47,-35,-19,0
-57,-35,-25,0
-56,-40,-26,0
-40,-38,-16,0
-2,-52,13,0
-79,-45,-38,0
-72,-47,-31,0
-39,-41,-21,0
-46,-34,-23,0
-34,-39,-18,0
-39,-35,-24,0
-32,-37,-19,0
-26,-42,-27,0
-31,-48,-32,0
-33,-53,-28,0
-31,-57,-20,0
-31,-65,-25,0
-33,-61,-27,0
-28,-45,-8,0
-22,-37,-2,0
-23,-38,-6,0
-21,-47,-7,0
-23,-54,-6,0
-24,-64,-5,0
-25,-64,-4,0
-23,-63,-1,0
-23,-64,2,0
-23,-67,0,0
-21,-74,4,0
-19,-74,4,0
-23,-76,5,0
-16,-76,6,0
-15,-80,2,0
-19,-80,1,0
-12,-79,0,0
-13,-76,-10,0
-17,-74,-12,0
-15,-72,-8,0
-11,-66,-2,0
-11,-64,4,0
-11,-63,7,0
-13,-60,11,0
-14,-60,14,0
-16,-54,13,0
-18,-51,11,0
-18,-48,10,0
-19,-50,9,0
-21,-53,9,0
-23,-57,8,0
-24,-58,8,0
-25,-60,9,0
-18,-48,10,0