Time (seconds),strength,x,y,z,pitch,roll
Time (seconds),strength,x,y,z,pitch,roll,mx,my,mz
151.26,,-1016,-56,-72,,,62.85,-79.05,-117
151.32,,-1016,-36,-76,,,62.25,-79.2,-116.85
151.36,,-1024,-68,-72,,,61.5,-78.3,-115.95
151.40,,-1032,-44,-84,,,62.4,-78.9,-115.95
151.47,,-1016,-44,-72,,,61.8,-79.05,-115.95
151.50,,-1024,-64,-76,,,62.55,-78.75,-116.85
151.54,,-1012,-48,-80,,,61.65,-78.9,-116.25
151.58,,-1024,-64,-84,,,61.8,-78.6,-115.5
151.61,,-992,-52,-76,,,62.1,-78.75,-115.5
151.65,,-1036,-76,-96,,,62.4,-78.15,-115.95
151.72,,-1024,-64,-76,,,61.5,-78.6,-115.5
151.76,,-1032,-40,-84,,,62.4,-78.45,-115.95
151.80,,-1020,-60,-84,,,62.4,-77.7,-114.75
151.83,,-1016,-56,-84,,,61.95,-78.6,-115.35
151.87,,-1032,-48,-88,,,61.8,-77.55,-114.75
151.91,,-1024,-44,-68,,,61.65,-78.75,-115.35
151.98,,-1020,-64,-72,,,62.55,-78,-114.6
152.01,,-1020,-40,-84,,,62.25,-78.3,-114.9
152.05,,-1012,-60,-76,,,61.2,-78.15,-113.4
152.08,,-1028,-68,-104,,,61.5,-78.15,-114.15
152.12,,-1032,-64,-76,,,61.8,-77.4,-114.15
152.16,,-1008,-56,-92,,,62.55,-77.25,-113.7
152.23,,-1028,-60,-104,,,62.25,-77.85,-112.95
152.26,,-1024,-72,-104,,,62.25,-77.7,-113.55
152.30,,-1016,-72,-100,,,61.5,-77.1,-112.8
152.34,,-1028,-52,-132,,,62.4,-76.8,-112.2
152.38,,-1008,-48,-100,,,62.25,-77.4,-112.05
152.41,,-1036,-80,-132,,,61.95,-76.35,-111.45
152.48,,-1020,-68,-136,,,61.95,-76.05,-110.1
152.52,,-1024,-80,-136,,,61.35,-75.9,-110.7
152.56,,-1020,-92,-144,,,61.8,-75.45,-109.05
152.59,,-1008,-104,-148,,,62.25,-73.5,-107.4
152.63,,-996,-88,-144,,,61.95,-74.1,-107.4
152.66,,-1028,-68,-148,,,61.95,-73.5,-106.05
152.74,,-1028,-96,-172,,,61.05,-72.75,-104.4
152.77,,-1012,-108,-148,,,60.9,-72.3,-103.35
152.81,,-1000,-132,-152,,,61.2,-72.6,-102.75
152.84,,-1000,-112,-136,,,60.75,-70.95,-101.25
152.88,,-980,-152,-152,,,59.85,-71.25,-101.1
152.96,,-976,-140,-196,,,59.85,-70.65,-98.4
152.99,,-988,-148,-212,,,58.95,-70.2,-98.7
153.03,,-968,-136,-220,,,58.5,-70.65,-97.8
153.06,,-932,-136,-232,,,58.95,-70.65,-97.35
153.10,,-1028,-148,-236,,,58.95,-70.35,-97.5
153.14,,-1016,-76,-264,,,58.35,-70.65,-96.3
153.21,,-984,-92,-232,,,57.6,-69.9,-95.4
153.24,,-960,-52,-232,,,58.35,-70.8,-94.5
153.28,,-952,-112,-244,,,57.3,-70.5,-94.95
153.32,,-932,-64,-268,,,57.9,-70.35,-93.9
153.35,,-912,-44,-276,,,57,-69.75,-94.05
153.39,,-912,-64,-284,,,56.55,-68.85,-93.15
153.46,,-972,-80,-284,,,55.8,-68.4,-91.8
153.50,,-972,-76,-300,,,56.25,-67.8,-91.65
153.53,,-956,-88,-304,,,57.3,-69,-91.05
153.57,,-948,-84,-288,,,57,-67.8,-91.05
153.61,,-1044,172,-188,,,56.1,-68.7,-91.2
153.64,,-920,-32,-348,,,56.7,-69,-91.5
153.72,,-1008,-4,-272,,,57.15,-68.1,-91.5
153.75,,-1028,-8,-296,,,57.45,-67.8,-91.95
153.79,,-992,32,-268,,,56.85,-66.9,-91.65
153.83,,-1040,-56,-260,,,57.3,-66.75,-90.45
153.86,,-1024,-92,-272,,,57.15,-66.15,-90
153.90,,-1008,-28,-264,,,56.85,-66.45,-89.85
153.97,,-996,36,-212,,,57,-65.85,-90
154.00,,-1008,20,-180,,,57,-65.85,-90.15
154.04,,-1024,24,-176,,,56.55,-65.85,-91.2
154.08,,-1040,-4,-148,,,57.3,-66,-90.45
154.11,,-1052,168,-100,,,56.4,-65.85,-90.45
154.15,,-1036,112,-104,,,57.15,-66.45,-90.75
154.22,,-1056,200,64,,,56.85,-66,-91.2
154.26,,-1140,68,44,,,57.15,-65.85,-91.65
154.30,,-1004,96,92,,,55.8,-66.9,-91.95
154.33,,-840,156,36,,,56.4,-67.8,-94.2
154.37,,-432,204,-132,,,56.1,-69.75,-95.55
154.40,,-88,136,-200,,,55.8,-70.2,-95.1
154.44,,12,-360,-64,,,55.05,-72.45,-96
154.51,,-68,-64,-68,,,55.35,-73.8,-99
154.55,,-132,-100,-20,,,55.8,-73.65,-100.05
154.58,,-412,-92,-228,,,56.4,-74.1,-102
154.62,,-464,28,-264,,,55.95,-74.85,-102.6
154.66,,-592,-288,-300,,,55.05,-75,-102
154.69,,-952,100,-488,,,56.4,-75.3,-103.8
154.76,,-512,-496,-248,,,56.4,-75.6,-104.55
154.80,,-1716,388,-144,,,56.25,-75.6,-106.05
154.84,,-816,244,-996,,,55.95,-73.95,-105.3
154.88,,-340,-676,-484,,,55.8,-74.7,-105.6
154.91,,-1832,4,-492,,,55.35,-75.15,-105.75
154.95,,-2040,-44,-2040,,,54.45,-73.5,-102.9
155.02,,-1708,72,-336,,,54.15,-73.8,-103.95
155.06,,-1496,32,468,,,55.5,-74.55,-105.15
155.09,,-504,-244,-484,,,55.65,-74.4,-105.9
155.13,,-1684,16,-532,,,55.95,-74.25,-106.05
155.16,,-792,32,-420,,,56.1,-73.2,-105.9
155.20,,-1432,44,-152,,,55.95,-73.65,-107.1
155.38,,-1092,152,-72,,,56.7,-73.2,-107.25
155.41,,-1208,36,-116,,,57.15,-72.6,-106.2
155.45,,-1172,140,-136,,,57.3,-71.85,-105.45
155.48,,-1300,32,-148,,,56.25,-72.3,-103.65
155.52,,-1312,160,-76,,,56.85,-71.85,-102
155.56,,-1296,100,-248,,,56.85,-70.65,-100.65
155.63,,-1260,-8,-128,,,55.65,-69.6,-99.75
155.67,,-1200,-4,-36,,,55.8,-69.15,-96.75
155.70,,-1264,-16,-200,,,55.05,-69,-95.7
155.74,,-1244,4,-172,,,55.8,-67.95,-94.8
155.78,,-1240,-76,-200,,,54,-67.5,-93.15
155.81,,-1304,-36,-160,,,54.6,-67.5,-91.65
155.88,,-1176,148,-292,,,51.75,-67.95,-89.1
155.92,,-1200,164,-284,,,52.05,-67.2,-88.95
155.96,,-1184,132,-352,,,51,-67.05,-88.2
155.99,,-1312,80,-408,,,50.1,-67.5,-86.85
156.03,,-1332,24,-488,,,50.55,-67.2,-86.85
156.06,,-1384,28,-512,,,48,-67.05,-85.8
156.14,,-1580,-16,-400,,,46.8,-66.15,-84.45
156.17,,-1492,164,-376,,,45.6,-65.25,-82.5
156.21,,-1268,48,-584,,,44.25,-65.1,-82.05
156.25,,-1500,96,-568,,,43.05,-64.95,-81
156.28,,-800,64,-280,,,40.05,-63.9,-79.65
156.32,,-364,60,-480,,,39.6,-62.7,-79.05
156.39,,-472,4,-604,,,35.55,-62.25,-77.4
156.43,,-552,64,-644,,,33.75,-61.8,-78.15
156.46,,-404,44,-676,,,32.55,-62.85,-77.85
156.50,,-416,100,-712,,,32.25,-62.55,-78
156.54,,-308,188,-800,,,31.5,-62.55,-78.45
156.57,,-448,80,-836,,,31.2,-62.1,-77.85
156.64,,-428,-84,-852,,,31.2,-60.9,-77.4
156.68,,-464,28,-928,,,30.3,-60,-77.4
156.72,,-476,48,-1020,,,31.65,-60.45,-77.55
156.75,,-440,8,-1104,,,32.1,-60,-77.4
156.79,,-492,-60,-1188,,,32.1,-60.15,-78
156.82,,-496,48,-1076,,,32.55,-60.9,-78.15
156.90,,-812,-48,-856,,,31.95,-64.35,-80.1
156.94,,-900,268,-892,,,32.25,-65.7,-81.9
156.97,,-960,316,-732,,,31.95,-65.85,-82.2
157.01,,-740,212,-792,,,29.55,-65.4,-80.1
157.04,,-884,168,-916,,,28.95,-63.75,-80.1
157.08,,-44,184,-656,,,26.55,-62.4,-78.9
157.15,,-504,-4,-676,,,24.15,-62.55,-79.65
157.19,,-232,184,-844,,,22.65,-63.15,-79.65
157.22,,-232,120,-888,,,21.9,-63,-79.95
157.26,,-260,68,-868,,,21.9,-62.4,-79.95
157.30,,-236,88,-928,,,21.3,-60.75,-79.95
157.33,,-232,64,-884,,,20.4,-59.85,-78.3
157.40,,-312,8,-992,,,21.45,-58.2,-77.85
157.44,,-380,-28,-996,,,22.2,-57,-76.65
157.48,,-448,-76,-1100,,,21,-56.25,-76.5
157.51,,-488,48,-1332,,,21.75,-54.15,-75.15
157.55,,-560,-92,-1304,,,22.95,-53.7,-75
157.59,,-640,-172,-1116,,,23.4,-52.65,-74.4
157.66,,-748,-100,-1012,,,25.2,-53.4,-75.15
157.70,,-808,-24,-892,,,25.2,-55.2,-75.45
157.73,,-1008,220,-692,,,25.65,-56.1,-76.2
157.77,,-508,-120,-412,,,25.35,-54.6,-75.15
157.80,,-432,-264,-640,,,24.3,-54.3,-75.75
157.84,,272,52,-400,,,24.9,-53.25,-74.55
157.91,,56,-48,-600,,,24.75,-54.45,-74.4
157.95,,-104,64,-556,,,24.9,-54.15,-75
157.98,,-272,144,-548,,,23.55,-52.8,-73.8
158.02,,56,-12,-704,,,23.25,-52.8,-74.25
158.06,,-32,4,-856,,,22.95,-53.25,-73.05
158.09,,-232,-8,-860,,,23.4,-52.05,-74.1
158.13,,-372,-152,-944,,,23.25,-51.45,-74.1
158.20,,-476,-204,-1140,,,23.7,-51.3,-73.65
158.24,,-316,-156,-1280,,,21.15,-51.6,-73.5
158.28,,-504,-304,-1144,,,20.55,-51.45,-73.35
158.31,,-276,-284,-1212,,,18.45,-52.65,-75
158.35,,-408,-208,-1164,,,17.55,-53.85,-75.3
158.42,,-384,-12,-792,,,14.55,-56.85,-78.3
158.46,,-228,148,-1024,,,11.4,-57.75,-80.7
158.49,,-104,-24,-1024,,,9.45,-58.2,-82.35
158.53,,124,-84,-1016,,,7.2,-57.9,-83.25
158.56,,488,220,-796,,,6.45,-58.5,-84.6
158.60,,108,-20,-876,,,5.1,-59.25,-85.5
158.65,,316,-84,-860,,,5.4,-61.05,-87.45
158.70,,204,120,-932,,,4.2,-61.05,-87.45
158.74,,288,52,-1108,,,4.65,-60.9,-87.45
158.77,,272,-44,-964,,,4.2,-61.8,-87
158.81,,96,-100,-1060,,,6.3,-61.35,-86.7
158.85,,132,44,-1212,,,5.7,-61.05,-86.1
158.88,,-72,-12,-1148,,,5.7,-59.7,-84.45
158.96,,32,48,-1568,,,9.6,-57.3,-81.3
158.99,,-248,-276,-1508,,,11.1,-56.1,-79.65
159.03,,-740,-288,-1488,,,14.55,-53.85,-76.8
159.06,,-808,-116,-1248,,,17.1,-55.95,-76.8
159.10,,-756,152,-956,,,17.1,-56.7,-77.1
159.14,,-836,168,-940,,,19.5,-58.8,-77.4
159.21,,-588,-168,-356,,,18.6,-55.95,-75.15
159.24,,856,-32,-512,,,17.7,-55.65,-75.15
159.28,,0,492,-324,,,18.45,-55.35,-76.8
159.32,,32,148,-668,,,19.2,-56.55,-76.5
159.35,,-16,-20,-856,,,19.65,-56.55,-75.45
159.39,,-16,76,-888,,,20.4,-56.7,-76.65
159.58,,-404,-108,-1080,,,20.1,-55.65,-77.1
159.62,,-436,-68,-1264,,,20.85,-56.55,-76.95
159.65,,-484,108,-1336,,,19.65,-56.7,-76.8
159.69,,-308,-372,-1168,,,18.6,-54.9,-75.6
159.72,,-292,-372,-1096,,,16.8,-55.2,-77.1
159.76,,-372,-288,-1256,,,15.9,-55.65,-77.7
159.83,,-296,-76,-744,,,13.2,-58.8,-78.75
159.87,,-28,48,-1064,,,9.75,-59.25,-81.3
159.90,,-80,-100,-1008,,,8.55,-59.25,-83.7
159.94,,412,88,-1124,,,7.5,-59.1,-84.9
159.98,,316,24,-772,,,7.05,-60.75,-85.8
160.01,,-4,-144,-864,,,5.85,-59.7,-85.65
160.08,,244,64,-844,,,4.2,-61.2,-87.9
160.12,,420,48,-996,,,4.05,-61.05,-87.45
160.16,,244,-68,-1084,,,4.65,-60.45,-87.3
160.19,,332,64,-1060,,,4.05,-60.3,-87.45
160.23,,200,-32,-1092,,,4.65,-60.15,-86.4
160.27,,112,-100,-1108,,,5.55,-59.85,-85.5
160.34,,76,188,-1360,,,6.6,-58.5,-83.7
160.38,,72,-160,-1536,,,7.5,-58.05,-82.95
160.41,,-12,-144,-1640,,,10.35,-57.15,-80.25
160.45,,-484,-208,-1352,,,12.45,-56.25,-79.05
160.48,,-612,-296,-1364,,,15.45,-56.7,-78
160.52,,-508,208,-1288,,,18,-58.35,-77.85
160.59,,-452,244,-324,,,18.6,-57.45,-75.75
160.63,,-1420,80,-740,,,18.9,-55.8,-75.15
160.66,,504,-620,-504,,,19.05,-54.15,-74.55
160.70,,72,200,-468,,,19.35,-54.45,-74.55
160.74,,-276,44,-560,,,21.15,-53.4,-73.5
160.77,,-288,-12,-804,,,20.85,-53.85,-74.1
160.84,,28,-44,-732,,,22.65,-53.85,-72.75
160.88,,32,28,-904,,,22.2,-53.55,-73.8
160.92,,-212,-72,-968,,,23.4,-53.25,-72.9
160.96,,-284,-52,-1060,,,23.1,-53.4,-72.6
160.99,,-560,-32,-1024,,,24.6,-54.15,-73.8
161.03,,-424,-164,-1096,,,23.1,-54.15,-72.9
161.06,,-444,4,-1324,,,21.6,-52.95,-73.05
161.14,,-372,-300,-1108,,,19.65,-52.8,-73.35
161.17,,-384,-348,-1112,,,17.25,-53.85,-74.1
161.21,,-324,4,-860,,,15.9,-55.8,-75.75
161.24,,-200,28,-772,,,13.65,-55.35,-76.95
161.28,,-68,0,-1132,,,10.8,-57.3,-78.6
161.32,,32,-104,-904,,,8.7,-57.15,-80.25
161.39,,268,-136,-804,,,6,-58.65,-82.2
161.42,,96,-260,-820,,,5.4,-55.8,-82.8
161.46,,220,-4,-792,,,3.9,-58.35,-84.9
161.50,,228,60,-920,,,4.65,-59.1,-85.65
161.54,,228,4,-924,,,4.35,-59.25,-85.05
161.57,,316,28,-1024,,,4.2,-59.25,-85.65
161.64,,340,-72,-1236,,,5.25,-58.8,-84.6
161.68,,168,-88,-1068,,,5.85,-58.2,-83.55
161.72,,36,152,-1256,,,6.45,-58.35,-82.5
161.75,,104,80,-1560,,,7.65,-57.9,-82.95
161.79,,8,-188,-1616,,,8.7,-56.85,-80.25
161.82,,-168,-160,-1412,,,11.85,-56.1,-77.7
161.90,,-888,-92,-1272,,,17.55,-55.35,-76.65
161.93,,-756,28,-1060,,,17.7,-57.45,-77.4
161.97,,-708,68,-1012,,,19.8,-58.5,-78.15
162.00,,-676,64,-476,,,19.8,-57.6,-76.65
162.04,,-400,-16,-616,,,20.1,-55.95,-76.05
162.08,,60,-312,-592,,,20.1,-54.6,-75
162.15,,-104,128,-716,,,21,-56.7,-77.85
162.19,,-388,-196,-640,,,22.2,-57.45,-76.95
162.22,,212,48,-908,,,22.5,-56.55,-78
162.26,,144,0,-748,,,21.9,-57.9,-78.15
162.30,,-44,52,-860,,,22.8,-58.65,-78.45
162.33,,-268,36,-892,,,24.15,-58.65,-78.3
162.37,,-428,-44,-1028,,,24.75,-60.45,-79.2
162.44,,-348,80,-1288,,,23.7,-60.45,-80.1
162.48,,-572,-24,-1476,,,23.25,-60.15,-80.1
162.51,,-548,-156,-1152,,,21.9,-58.5,-79.5
162.55,,-208,-164,-1160,,,20.1,-59.25,-80.25
162.58,,-528,12,-1108,,,19.2,-60.75,-81.6
162.64,,-512,52,-880,,,14.85,-60.45,-82.2
162.68,,-92,-240,-1108,,,12.9,-60.3,-84.75
162.72,,268,-60,-908,,,10.5,-60.15,-85.65
162.76,,596,412,-1084,,,9.15,-60,-86.4
162.80,,412,-116,-840,,,8.25,-61.8,-87.6
162.83,,36,-196,-908,,,7.35,-62.7,-89.4
162.87,,316,80,-868,,,6.6,-63.15,-90.6
162.94,,224,96,-972,,,6.75,-63.9,-90.9
162.98,,272,0,-972,,,6.9,-62.85,-91.05
163.01,,360,-80,-1148,,,5.1,-64.05,-90.75
163.05,,272,-52,-1164,,,6.15,-62.25,-90.45
163.08,,100,0,-1060,,,7.2,-61.95,-89.55
163.12,,28,24,-1212,,,7.65,-61.8,-87.75
163.19,,116,-120,-1676,,,9.45,-59.7,-86.55
163.23,,-412,-276,-1308,,,12.75,-59.1,-84.6
163.26,,-616,-52,-1556,,,14.55,-58.8,-82.65
163.30,,-584,-212,-1276,,,17.4,-59.1,-81.9
163.34,,-516,16,-1008,,,19.5,-60.15,-82.5
163.37,,-664,128,-600,,,19.35,-59.1,-82.05
163.45,,-320,-352,-276,,,19.65,-56.4,-79.8
163.48,,484,-48,-416,,,19.65,-56.25,-80.55
163.52,,-256,268,-456,,,20.85,-55.95,-80.55
163.56,,-84,-80,-924,,,21.15,-55.2,-80.7
163.59,,-232,-60,-824,,,21.9,-56.25,-80.25
163.63,,-180,4,-900,,,22.35,-58.05,-81.15
163.80,,-572,-80,-1040,,,23.55,-59.85,-82.05
163.84,,-300,-12,-1256,,,23.85,-58.35,-82.35
163.88,,-488,-12,-1320,,,21.3,-57.6,-81.75
163.91,,-392,-312,-1180,,,20.85,-56.25,-80.7
163.95,,-276,-336,-1196,,,19.35,-55.8,-81.75
163.98,,-456,-224,-1044,,,17.1,-57.3,-82.5
164.06,,-244,56,-880,,,12,-58.95,-84.9
164.09,,16,-120,-972,,,10.5,-60.15,-86.1
164.13,,212,-104,-1032,,,8.55,-59.85,-87
164.17,,556,308,-936,,,7.05,-60.9,-88.5
164.20,,72,-52,-996,,,6,-61.05,-88.35
164.24,,464,-36,-672,,,6.45,-61.65,-89.7
164.31,,320,96,-960,,,3.75,-63.15,-92.55
164.35,,224,28,-980,,,4.2,-63,-93.45
164.38,,296,44,-956,,,4.65,-62.1,-92.85
164.42,,252,-56,-972,,,4.95,-62.4,-92.1
164.46,,308,-140,-1152,,,5.1,-61.35,-92.55
164.49,,180,-44,-1040,,,4.65,-61.5,-90.3
164.54,,136,-4,-1312,,,4.95,-59.85,-90.15
164.59,,180,156,-1496,,,5.7,-59.25,-87.6
164.63,,80,28,-1612,,,7.65,-59.25,-87.3
164.66,,-360,-352,-1292,,,10.2,-58.05,-85.2
164.70,,-560,-160,-1416,,,12.3,-59.4,-82.8
164.74,,-548,96,-1216,,,13.8,-60,-82.2
164.77,,-624,104,-1080,,,17.25,-60.3,-82.5
164.85,,-272,-76,-456,,,17.25,-57.6,-79.65
164.89,,-520,-816,-160,,,19.05,-56.4,-79.05
164.92,,428,-144,-432,,,18.6,-54.15,-77.85
164.96,,-52,300,-444,,,19.05,-55.35,-78.3
164.99,,80,20,-896,,,21.3,-57,-78.6
165.03,,-264,-32,-832,,,22.2,-57,-78.15
165.10,,-32,48,-848,,,21.75,-57.15,-78.6
165.14,,4,-8,-764,,,22.05,-57.6,-78.75
165.17,,-232,-28,-984,,,22.65,-58.2,-78.15
165.21,,-500,-8,-1008,,,22.95,-57,-79.2
165.24,,-500,-144,-1068,,,23.25,-56.55,-79.05
165.28,,-368,-76,-1344,,,22.8,-56.4,-78.9
165.35,,-372,-348,-1164,,,20.1,-55.05,-77.7
165.39,,-468,-440,-1224,,,18.15,-54.75,-77.85
165.43,,-584,-200,-1108,,,16.95,-55.95,-79.8
165.46,,-460,32,-940,,,15.3,-56.85,-81
165.50,,-248,100,-924,,,12.9,-57.75,-81.15
165.54,,140,-324,-1060,,,9.9,-58.2,-82.95
165.61,,348,276,-628,,,7.95,-59.4,-85.35
165.64,,236,-76,-892,,,7.05,-60.9,-86.4
165.68,,440,-88,-768,,,5.55,-61.5,-88.8
165.72,,24,4,-792,,,5.1,-61.65,-89.7
165.75,,332,160,-916,,,4.65,-63.15,-90.9
165.79,,256,208,-1012,,,4.2,-63.15,-92.1
165.86,,368,76,-1040,,,4.2,-62.7,-91.05
165.90,,288,-20,-1148,,,3.75,-64.5,-90.3
165.93,,172,-28,-1108,,,4.35,-62.85,-90.15
165.97,,20,12,-1044,,,4.2,-62.25,-89.85
166.00,,140,168,-1480,,,4.95,-63.3,-88.65
166.04,,132,128,-1580,,,5.85,-59.85,-87.9
166.12,,-336,-256,-1516,,,10.65,-58.2,-82.35
166.15,,-604,-392,-1548,,,12.3,-58.5,-81.15
166.19,,-396,196,-1248,,,15.15,-59.25,-80.55
166.22,,-660,136,-968,,,16.8,-60.45,-81
166.26,,-820,236,-448,,,16.2,-60.45,-79.5
166.30,,-656,192,-224,,,18,-57.75,-78.3
166.37,,632,192,-516,,,19.35,-54.3,-76.35
166.40,,-240,16,-472,,,19.65,-56.25,-76.2
166.44,,376,8,-748,,,21.75,-56.4,-76.35
166.48,,-312,-104,-848,,,20.85,-55.65,-75.9
166.51,,-12,-56,-740,,,21.15,-55.5,-75.75
166.55,,-56,4,-824,,,22.5,-56.1,-75.9
166.58,,-132,-68,-888,,,22.95,-57.3,-76.2
166.66,,-408,-44,-1048,,,22.65,-57.45,-76.8
166.69,,-476,-108,-1072,,,22.35,-56.55,-76.35
166.73,,-436,-16,-1288,,,21.9,-56.85,-76.5
166.77,,-452,-36,-1384,,,19.95,-55.65,-75.45
166.80,,-300,-420,-1152,,,19.8,-55.5,-75.9
166.88,,-516,-276,-1212,,,15,-56.85,-77.85
166.91,,-492,152,-772,,,13.5,-58.2,-78.75
166.95,,-116,0,-904,,,11.1,-59.25,-80.25
166.98,,-64,28,-984,,,8.85,-60.15,-81.9
167.02,,108,-132,-1000,,,7.05,-59.85,-83.4
167.06,,492,216,-904,,,6.3,-60.15,-84
167.09,,296,-72,-836,,,5.25,-61.8,-85.8
167.16,,192,24,-888,,,2.85,-63.6,-89.7
167.20,,332,-36,-848,,,1.95,-64.95,-91.5
167.24,,300,116,-912,,,2.1,-65.7,-91.65
167.27,,312,80,-1016,,,1.65,-65.7,-91.8
167.31,,420,60,-1024,,,1.8,-64.5,-91.05
167.35,,268,-144,-1084,,,1.2,-64.35,-90.75
167.42,,108,28,-1080,,,2.7,-65.1,-89.1
167.46,,16,96,-1292,,,2.55,-64.05,-88.95
167.49,,224,160,-1512,,,3.6,-63.6,-88.65
167.53,,248,72,-1564,,,4.95,-63.45,-85.65
167.56,,-200,-220,-1336,,,8.55,-61.8,-83.25
167.60,,-544,-60,-1464,,,10.8,-62.1,-81.45
167.67,,-456,176,-1012,,,15.6,-63.75,-81.3
167.71,,-708,292,-956,,,16.95,-63,-80.4
167.74,,-208,152,-732,,,17.85,-60,-76.95
167.78,,-1264,-476,540,,,19.35,-58.5,-76.35
167.82,,820,-28,-520,,,19.95,-59.4,-76.35
167.85,,304,400,-308,,,18.9,-58.35,-76.2
168.04,,-176,-60,-936,,,23.7,-58.8,-76.65
168.08,,-300,-88,-928,,,24.45,-59.25,-76.5
168.11,,-448,-24,-1044,,,25.05,-60,-75.6
168.15,,-516,-60,-1216,,,23.7,-59.25,-75.6
168.19,,-392,-52,-1316,,,22.95,-58.5,-75.6
168.22,,-620,-240,-1200,,,22.5,-58.5,-75
168.30,,-316,-372,-1120,,,19.05,-58.65,-76.2
168.33,,-516,116,-964,,,16.5,-60.45,-77.7
168.37,,-228,88,-976,,,13.5,-61.8,-79.8
168.40,,20,-220,-1028,,,10.8,-60.6,-79.8
168.44,,-44,-304,-1276,,,8.55,-60.6,-80.85
168.48,,272,20,-752,,,8.1,-60.6,-81.6
168.51,,540,124,-900,,,6.75,-61.2,-83.7
168.58,,344,52,-880,,,4.35,-63.3,-85.95
168.62,,20,4,-792,,,4.65,-65.1,-87.75
168.66,,380,152,-1028,,,3.6,-65.85,-88.2
168.69,,372,56,-1080,,,4.5,-65.25,-88.35
168.73,,384,-36,-1144,,,4.8,-65.7,-88.5
168.77,,324,-88,-1100,,,4.65,-64.05,-87.75
168.84,,100,80,-1148,,,5.25,-63.75,-84.9
168.88,,32,68,-1444,,,6.9,-63.15,-84.6
168.91,,64,8,-1548,,,9,-61.2,-82.35
168.95,,-268,-128,-1428,,,11.7,-61.05,-80.7
168.98,,-404,-160,-1528,,,15.3,-61.65,-79.2
169.02,,-600,-184,-1336,,,18.3,-62.55,-77.85
169.09,,-444,144,-704,,,20.25,-62.85,-77.85
169.13,,-664,104,-864,,,21.9,-60.3,-75
169.16,,172,-496,-324,,,22.65,-57.45,-74.7
169.20,,-4,-280,-1200,,,23.7,-55.95,-74.1
169.24,,104,20,-612,,,25.5,-55.5,-73.95
169.27,,8,-140,-984,,,27,-55.35,-75.45
169.34,,-16,-52,-856,,,27.75,-55.35,-74.1
169.38,,68,-68,-824,,,27.9,-56.25,-75.15
169.42,,-172,56,-956,,,28.5,-56.55,-74.55
169.46,,-280,-72,-1084,,,28.95,-57,-75
169.49,,-448,-84,-1128,,,28.8,-55.5,-75.15
169.53,,-472,-88,-1220,,,28.5,-55.65,-74.85
169.60,,-604,-148,-1160,,,26.1,-54.9,-73.5
169.64,,-476,-380,-1052,,,24.9,-54.75,-74.25
169.67,,-252,-388,-1160,,,22.05,-56.55,-75.3
169.71,,-352,152,-940,,,19.35,-55.95,-75.9
169.74,,-304,240,-1004,,,16.2,-55.8,-75.75
169.78,,68,-168,-1112,,,13.95,-57.15,-76.65
169.85,,504,376,-968,,,11.7,-59.4,-80.1
169.89,,92,-168,-1020,,,10.5,-58.2,-80.7
169.92,,260,-88,-904,,,10.35,-56.85,-81.15
169.96,,224,-52,-824,,,8.4,-58.8,-81.45
170.00,,180,-112,-1000,,,8.25,-58.2,-82.5
170.03,,340,72,-936,,,7.2,-58.05,-82.65
170.11,,84,-184,-1176,,,7.2,-57,-81.3
170.14,,192,-160,-1260,,,8.25,-56.1,-81.9
170.18,,444,-60,-1416,,,7.5,-55.95,-80.85
170.22,,268,-16,-1436,,,7.8,-55.35,-80.1
170.25,,-128,8,-1288,,,10.95,-53.85,-78.6
170.29,,-280,-424,-1248,,,12.9,-52.65,-76.8
170.32,,-336,-72,-1076,,,14.25,-54.45,-75.75
170.40,,-300,-68,-992,,,19.2,-52.8,-74.4
170.43,,-232,-84,-904,,,20.25,-52.2,-73.5
170.47,,-580,16,-832,,,22.2,-53.25,-73.5
170.50,,144,4,-920,,,23.7,-52.95,-72.75
170.54,,112,0,-948,,,26.1,-52.2,-72.45
170.58,,64,60,-468,,,27.45,-51,-72
170.65,,-444,-92,-736,,,28.8,-52.2,-72.3
170.69,,-260,-104,-868,,,28.95,-51.15,-72.15
170.72,,-32,92,-860,,,29.85,-53.25,-73.05
170.76,,-408,-48,-836,,,29.55,-52.65,-73.65
170.80,,-396,16,-972,,,30.3,-52.35,-73.05
170.83,,-392,-188,-840,,,29.55,-52.5,-73.2
170.90,,-396,-68,-996,,,27.45,-54.15,-73.05
170.94,,-300,-36,-936,,,27,-54.3,-74.55
170.98,,-280,24,-1016,,,24.9,-55.8,-74.1
171.01,,-108,-36,-1068,,,24.15,-55.8,-73.8
171.05,,40,-32,-1168,,,24.15,-57,-75.3
171.08,,20,-68,-1020,,,23.1,-58.2,-76.05
171.16,,-92,12,-1084,,,21.6,-61.35,-77.4
171.19,,-128,80,-1168,,,22.95,-60.6,-77.4
171.23,,-128,120,-1100,,,22.35,-62.7,-78.45
171.26,,-100,96,-1100,,,22.05,-63.6,-79.05
171.30,,-172,136,-1064,,,22.35,-64.35,-79.05
171.34,,-160,204,-1080,,,22.5,-65.85,-80.7
171.41,,-164,212,-1072,,,22.5,-69.6,-82.35
171.45,,-236,272,-1088,,,22.5,-68.85,-82.65
171.49,,-228,336,-1056,,,23.25,-69.75,-83.85
171.52,,-192,328,-1024,,,23.55,-69.45,-83.4
171.56,,-184,336,-1092,,,24.15,-69.9,-82.8
171.59,,-248,348,-1084,,,24.15,-70.5,-83.1
171.66,,-200,392,-1056,,,25.35,-70.2,-82.2
171.70,,-220,388,-1020,,,26.55,-69.9,-81.75
171.74,,-208,344,-1004,,,26.4,-69.45,-81.6
171.77,,-152,284,-1028,,,27.75,-68.4,-81.6
171.81,,-128,300,-932,,,29.1,-67.95,-81.15
171.84,,-240,220,-908,,,29.55,-67.05,-81.6
171.92,,-228,268,-808,,,33,-67.8,-81.75
171.95,,-360,236,-728,,,34.95,-68.55,-83.1
171.99,,-404,228,-676,,,37.05,-68.7,-84.9
172.03,,-528,184,-588,,,40.35,-68.25,-86.4
172.06,,-592,208,-620,,,40.2,-69.6,-85.95
172.10,,-604,192,-600,,,44.1,-68.55,-88.35
172.28,,-936,-100,-124,,,57.15,-61.05,-96.6
172.31,,-976,-252,32,,,57.9,-58.2,-97.8
172.35,,-1064,-400,124,,,59.7,-54.6,-99.9
172.38,,-1148,-452,140,,,60.15,-51.3,-101.55
172.42,,-1092,-488,184,,,60.15,-46.95,-102.45
172.46,,-1100,-500,168,,,59.7,-42.3,-102.75
172.53,,-820,-652,120,,,58.95,-36.15,-100.8
172.56,,-860,-656,128,,,57.6,-32.25,-99
172.60,,-780,-616,136,,,55.8,-29.1,-97.65
172.64,,-680,-676,100,,,54.6,-24.45,-96.75
172.67,,-608,-736,132,,,53.7,-23.1,-95.4
172.71,,-520,-824,128,,,50.7,-21.3,-94.5
172.78,,-492,-940,88,,,49.65,-18.75,-93
172.82,,-460,-932,120,,,49.35,-16.35,-91.95
172.86,,-440,-996,-28,,,48.3,-16.05,-90.3
172.89,,-468,-1268,20,,,47.25,-15.6,-87.45
172.93,,-524,-1180,108,,,45.6,-14.55,-85.35
172.96,,-640,-912,-160,,,45.6,-14.4,-82.95
173.04,,-740,-1032,-256,,,43.95,-13.2,-79.05
173.07,,-848,-876,-280,,,42.15,-13.5,-78.15
173.11,,-884,-816,-276,,,42.45,-14.55,-74.55
173.14,,-856,-840,-372,,,40.2,-15.3,-73.35
173.18,,-940,-896,-424,,,40.35,-16.8,-72.15
173.22,,-1056,-792,-424,,,39.75,-18.3,-71.4
173.29,,-56,-656,-636,,,37.35,-19.35,-70.5
173.32,,284,-696,-676,,,37.2,-18.9,-69.45
173.36,,360,-724,-644,,,37.2,-21.15,-69.15
173.40,,220,-760,-632,,,36.75,-20.1,-68.85
173.44,,184,-576,-624,,,36.15,-22.2,-67.65
173.47,,224,-680,-652,,,35.55,-23.7,-67.8
173.54,,184,-504,-792,,,34.5,-26.25,-67.35
173.58,,192,-468,-840,,,34.35,-27.75,-67.05
173.62,,128,-384,-820,,,35.1,-29.4,-67.8
173.65,,252,-504,-872,,,33.75,-32.1,-67.35
173.69,,-32,-280,-836,,,34.5,-34.05,-67.05
173.72,,104,-332,-964,,,34.8,-36.3,-68.25
173.80,,128,-324,-900,,,35.7,-38.4,-69.15
173.83,,116,-268,-932,,,35.4,-39,-69.45
173.87,,68,-296,-1024,,,36.45,-40.5,-70.2
173.90,,36,-336,-1096,,,38.25,-41.7,-70.8
173.94,,40,-376,-1096,,,38.25,-42.45,-71.1
173.98,,120,-296,-1244,,,39.45,-43.8,-72
174.05,,-24,-332,-1280,,,40.05,-44.7,-72.75
174.09,,-152,-348,-1260,,,39.9,-45.3,-73.5
174.12,,-248,-160,-1032,,,40.35,-45.3,-73.05
174.16,,-352,-40,-912,,,39.9,-47.4,-73.2
174.20,,-268,-84,-780,,,38.1,-48.15,-73.8
174.23,,-80,-236,-984,,,38.1,-48.15,-72.3
174.30,,264,56,-928,,,35.55,-47.55,-72.15
174.34,,56,-76,-844,,,35.25,-48.75,-72.75
174.38,,184,-84,-968,,,35.1,-49.5,-71.85
174.41,,236,-144,-992,,,34.8,-50.85,-71.7
174.45,,88,36,-908,,,34.65,-51.3,-72
174.48,,104,56,-992,,,35.85,-52.2,-72.3
174.56,,48,-56,-1040,,,36,-52.35,-73.2
174.59,,72,-84,-1064,,,36.45,-52.35,-73.65
174.63,,56,-96,-1108,,,36.6,-52.95,-73.5
174.67,,8,-80,-1056,,,36.9,-53.25,-73.95
174.70,,-40,-96,-1076,,,36.6,-53.1,-73.95
174.74,,-48,-40,-1228,,,36.15,-52.05,-73.05
174.81,,-96,-160,-1448,,,39.3,-51.15,-73.35
174.85,,-164,-132,-1412,,,41.25,-51.9,-75.6
174.88,,-312,-188,-1412,,,43.35,-51.6,-76.65
174.92,,-632,-196,-1208,,,44.1,-53.25,-77.85
174.96,,-628,36,-1176,,,46.5,-54,-79.35
174.99,,-700,96,-1036,,,47.7,-55.05,-79.95
175.06,,-632,-80,-500,,,49.35,-53.85,-81.9
175.10,,-456,-232,-756,,,49.2,-52.65,-80.85
175.14,,496,372,-76,,,49.95,-51.15,-81.6
175.17,,308,188,-432,,,49.8,-51.3,-81.9
175.21,,-824,-16,-580,,,51.6,-51.75,-84.6
175.25,,-416,-184,-760,,,52.95,-51.45,-84.15
175.32,,-20,152,-832,,,52.35,-53.1,-85.05
175.36,,-40,136,-776,,,52.35,-51.9,-84.75
175.39,,-112,16,-848,,,52.05,-51.6,-83.85
175.43,,-396,-60,-1008,,,52.35,-50.85,-84
175.46,,-380,4,-1100,,,52.35,-51,-83.25
175.50,,-444,-48,-1168,,,52.65,-50.85,-82.95
175.57,,-328,0,-1300,,,49.65,-49.2,-79.8
175.61,,-332,-344,-1180,,,48.9,-48.45,-78
175.64,,-264,-184,-1300,,,48.15,-49.5,-76.8
175.68,,-544,76,-932,,,46.05,-50.1,-75.9
175.72,,-280,144,-896,,,44.25,-49.35,-75.3
175.75,,-164,100,-912,,,41.4,-48.75,-74.1
175.82,,132,-48,-1052,,,37.8,-46.95,-70.8
175.86,,456,224,-776,,,37.2,-47.1,-71.1
175.90,,220,-52,-860,,,36.15,-48,-69.75
175.94,,156,-104,-924,,,34.95,-48.9,-70.2
175.97,,316,-24,-788,,,34.8,-49.2,-70.35
176.01,,224,128,-936,,,34.05,-50.4,-70.35
176.04,,212,164,-1076,,,34.65,-50.55,-71.1
176.12,,480,-148,-1132,,,33.75,-50.4,-70.2
176.15,,204,60,-1148,,,35.7,-48.9,-71.1
176.19,,100,36,-1056,,,37.05,-48.45,-70.05
176.23,,40,20,-1328,,,37.35,-47.55,-70.95
176.26,,-52,116,-1504,,,38.4,-47.4,-71.4
176.30,,20,-88,-1552,,,42.75,-47.55,-72.9
176.48,,-624,220,-648,,,50.85,-51.3,-83.1
176.52,,-100,308,-360,,,50.7,-51.3,-81.75
176.56,,1140,-424,112,,,50.1,-49.2,-81.75
176.59,,-124,480,-368,,,50.55,-47.7,-83.7
176.63,,-132,268,-692,,,51.3,-48.6,-85.05
176.67,,232,-92,-836,,,51.45,-48.6,-85.2
176.74,,84,88,-780,,,52.65,-49.05,-87.3
176.78,,-16,0,-872,,,52.95,-47.85,-87
176.81,,-368,-16,-1016,,,52.35,-49.05,-87.6
176.85,,-408,-160,-1032,,,52.8,-48.75,-87.6
176.88,,-404,-8,-1092,,,52.8,-48,-87.15
176.92,,-452,-116,-1252,,,52.35,-48.6,-86.4
176.99,,-472,-148,-1412,,,50.85,-47.25,-84
177.03,,-268,-392,-1140,,,49.5,-47.7,-82.65
177.06,,-536,-244,-1200,,,47.4,-48.75,-81.9
177.10,,-392,36,-908,,,45.75,-48.9,-80.4
177.14,,-196,120,-772,,,43.5,-47.1,-77.1
177.17,,-40,16,-1128,,,41.85,-47.55,-76.5
177.24,,492,268,-732,,,38.85,-48,-74.1
177.28,,464,32,-976,,,36.9,-48.15,-74.85
177.32,,292,-180,-872,,,36.3,-49.65,-74.7
177.36,,124,32,-932,,,36.15,-50.25,-75.3
177.39,,260,48,-884,,,35.4,-52.2,-74.1
177.43,,352,60,-1016,,,35.55,-52.2,-75.15
177.50,,308,168,-1116,,,34.35,-54,-75.6
177.54,,316,48,-1148,,,35.4,-53.4,-76.65
177.57,,200,-80,-996,,,35.25,-52.05,-75.45
177.61,,80,84,-1232,,,36.9,-51.75,-76.2
177.64,,200,128,-1492,,,38.7,-51.45,-77.25
177.68,,228,116,-1716,,,41.1,-51.15,-78
177.75,,-784,-120,-1492,,,46.5,-50.85,-82.2
177.79,,-672,-192,-1180,,,48.15,-52.35,-84.6
177.82,,-840,124,-956,,,49.8,-52.95,-86.4
177.86,,-800,292,-828,,,49.35,-54.9,-86.85
177.90,,-924,212,-416,,,49.2,-53.55,-86.25
177.93,,-316,-368,132,,,49.65,-52.5,-85.5
178.01,,88,136,-700,,,50.25,-51.15,-87.9
178.04,,92,-4,-756,,,51.15,-51.75,-89.55
178.08,,-52,-300,-860,,,50.55,-52.2,-88.95
178.12,,-80,-4,-748,,,51.15,-51.75,-90.6
178.15,,12,20,-688,,,51.6,-52.65,-89.55
178.19,,-108,4,-852,,,51,-52.65,-90.6
178.22,,-176,-8,-976,,,51.6,-52.35,-91.8
178.30,,-404,-60,-1264,,,51,-52.35,-91.5
178.33,,-368,136,-1348,,,51.9,-52.2,-91.2
178.37,,-504,8,-1552,,,50.7,-52.5,-89.55
178.40,,-452,-332,-1144,,,49.5,-52.35,-88.2
178.44,,-312,-232,-1220,,,47.4,-53.4,-87.9
178.48,,-556,140,-1012,,,46.5,-54.9,-86.4
178.55,,-264,60,-1068,,,42.3,-53.55,-83.25
178.58,,-8,-204,-872,,,39.75,-51.9,-80.4
178.62,,172,-84,-1012,,,39,-51.75,-79.35
178.66,,556,180,-892,,,37.05,-53.25,-78.6
178.70,,268,-88,-776,,,35.1,-52.5,-79.8
178.73,,252,-68,-848,,,34.95,-55.05,-78.9
178.80,,360,272,-976,,,33.6,-56.85,-80.1
178.84,,284,148,-1000,,,35.1,-56.55,-80.7
178.88,,312,60,-1072,,,34.35,-57.6,-81.6
178.91,,252,36,-1196,,,33.6,-57.9,-81
178.95,,300,-4,-1136,,,34.95,-57.6,-82.05
178.98,,92,240,-1020,,,35.85,-57.6,-81.45
179.06,,-4,56,-1388,,,36.6,-56.7,-81.9
179.09,,168,224,-1628,,,39.15,-55.35,-82.2
179.13,,-304,-272,-1312,,,42.45,-53.1,-83.1
179.16,,-780,-168,-1528,,,45.15,-54.9,-85.95
179.20,,-620,48,-1268,,,46.65,-55.5,-88.2
179.24,,-776,28,-1156,,,46.65,-55.95,-88.5
179.31,,-156,52,-912,,,48.45,-56.4,-89.7
179.35,,-204,-516,-496,,,47.85,-55.05,-88.95
179.38,,332,460,-516,,,47.85,-54.15,-89.55
179.42,,164,212,-772,,,48.75,-54,-91.95
179.46,,408,-280,-1216,,,48.75,-54.75,-91.65
179.49,,-284,120,-632,,,49.8,-51.9,-91.05
179.56,,108,-16,-760,,,50.7,-52.35,-92.55
179.60,,28,-148,-800,,,50.25,-52.5,-92.85
179.64,,-464,-232,-1000,,,51.45,-52.2,-93.45
179.67,,-516,148,-1216,,,51.15,-52.2,-93.45
179.71,,-424,-116,-1332,,,51.3,-51.9,-93.3
179.74,,-468,-56,-1376,,,51.3,-51.75,-92.7
179.82,,-624,-568,-1208,,,49.2,-51,-90.15
179.85,,-692,-156,-1004,,,48.45,-52.5,-88.35
179.89,,-332,76,-892,,,46.35,-52.35,-87
179.93,,-272,92,-972,,,43.95,-52.5,-84.45
179.96,,-216,112,-948,,,40.5,-51.15,-83.25
180.00,,100,-228,-920,,,38.85,-50.1,-80.25
180.07,,356,60,-948,,,36.15,-47.1,-77.7
180.11,,316,-188,-856,,,33.9,-48.15,-78.3
180.14,,284,-64,-920,,,33.45,-47.85,-77.1
180.18,,216,-8,-992,,,33.3,-48.9,-77.4
180.22,,288,28,-1012,,,32.55,-49.2,-76.95
180.25,,384,16,-1028,,,33.15,-48.9,-77.1
180.32,,336,-188,-1028,,,33.15,-49.65,-78.6
180.36,,292,-244,-1104,,,34.65,-49.2,-77.25
180.40,,176,-12,-1084,,,34.2,-49.2,-78.15
180.43,,52,100,-1420,,,33.75,-48.6,-78.45
180.47,,104,112,-1452,,,35.1,-48.9,-78.75
180.50,,180,-208,-1688,,,38.1,-49.65,-80.1
180.68,,-744,440,-696,,,46.5,-54.3,-89.85
180.72,,-604,60,-356,,,45.9,-53.55,-89.85
180.76,,264,-744,-460,,,46.65,-52.8,-89.85
180.79,,508,-372,-136,,,46.95,-50.25,-89.1
180.83,,-144,260,-376,,,47.55,-50.85,-90
180.86,,-8,-48,-816,,,48.45,-51.6,-91.65
180.94,,-316,-104,-688,,,48.75,-51.45,-91.95
180.97,,48,80,-764,,,48.9,-52.2,-93.15
181.01,,-116,72,-876,,,49.2,-52.95,-94.05
181.04,,-312,28,-1072,,,49.2,-53.55,-95.1
181.08,,-472,124,-1196,,,50.1,-55.5,-94.8
181.12,,-516,212,-1308,,,50.55,-54.45,-94.2
181.19,,-640,-88,-1256,,,49.2,-54.15,-93
181.22,,-524,-192,-1200,,,47.25,-55.35,-92.55
181.26,,-604,-176,-1000,,,46.35,-54.9,-90.6
181.30,,-416,124,-796,,,44.25,-56.1,-88.5
181.34,,-436,132,-796,,,41.7,-54,-85.8
181.37,,-80,-136,-932,,,39.15,-53.4,-82.8
181.41,,448,-20,-1116,,,37.35,-51.6,-81.15
181.48,,264,-44,-908,,,33.75,-50.4,-80.1
181.52,,384,-136,-848,,,33.9,-51.45,-78.75
181.55,,456,0,-792,,,32.55,-51.3,-79.65
181.59,,112,28,-828,,,32.1,-52.65,-80.55
181.62,,340,108,-948,,,32.1,-53.1,-80.25
181.66,,148,92,-1024,,,32.4,-51.45,-79.95
181.73,,244,-92,-1184,,,32.85,-51.75,-79.05
181.77,,228,92,-1068,,,33.15,-52.65,-79.8
181.80,,8,-48,-1156,,,33.9,-52.5,-80.1
181.84,,240,0,-1392,,,33.9,-49.5,-79.65
181.88,,20,-60,-1644,,,36.6,-50.55,-80.25
181.91,,-200,-272,-1264,,,40.05,-50.4,-81.9
181.99,,-632,-452,-1288,,,44.4,-52.2,-85.8
182.02,,-584,88,-1192,,,44.4,-52.8,-86.85
182.06,,-664,328,-892,,,44.85,-53.1,-86.55
182.10,,-496,-152,-936,,,45.3,-53.1,-86.7
182.13,,-156,-524,-500,,,46.5,-53.4,-87.75
182.17,,500,-912,-196,,,45.75,-51.45,-87.3
182.24,,-72,0,-908,,,48.45,-52.2,-88.8
182.28,,-212,-76,-796,,,48,-51,-88.8
182.31,,12,-4,-804,,,47.85,-51.3,-89.4
182.35,,152,-32,-724,,,50.25,-53.7,-89.85
182.38,,-180,152,-828,,,49.35,-52.8,-90.75
182.42,,-344,-96,-1024,,,50.1,-52.8,-91.95
182.49,,-444,228,-1204,,,50.7,-53.7,-92.55
182.53,,-524,-52,-1348,,,50.1,-53.85,-91.5
182.57,,-344,-200,-1296,,,48.9,-53.25,-89.85
182.60,,-516,-176,-1412,,,48.15,-52.65,-89.1
182.64,,-632,-184,-1028,,,46.65,-54.3,-88.35
182.68,,-404,320,-996,,,45.3,-55.8,-86.4
182.75,,-124,-204,-960,,,41.1,-54.3,-81.75
182.78,,264,-96,-692,,,38.1,-52.05,-79.65
182.82,,524,328,-764,,,37.95,-52.05,-78.6
182.86,,428,40,-904,,,35.7,-52.8,-79.35
182.89,,260,-120,-808,,,36,-54.3,-79.05
182.93,,344,64,-880,,,34.65,-55.5,-79.95
183.00,,256,208,-1056,,,33.3,-57,-79.95
183.04,,280,232,-1012,,,33.75,-56.1,-80.25
183.07,,224,116,-992,,,32.4,-57.3,-79.5
183.11,,480,0,-1044,,,32.85,-58.05,-79.65
183.14,,296,56,-1108,,,33.15,-57.9,-79.2
183.18,,232,44,-1124,,,33.6,-57.45,-78.6
183.26,,80,208,-1488,,,36.3,-54.45,-79.5
183.29,,92,-76,-1636,,,39.3,-55.5,-80.7
183.33,,-360,-152,-1356,,,41.85,-54.3,-82.2
183.36,,-672,-244,-1380,,,45.6,-56.55,-84.75
183.40,,-632,-24,-1284,,,46.05,-56.25,-86.25
183.44,,-616,96,-960,,,46.95,-57.9,-88.35
183.51,,-596,-32,-836,,,47.85,-57.75,-87.75
183.54,,-456,-208,-156,,,48.75,-55.05,-87.6
183.58,,688,-100,-628,,,49.8,-54,-87.45
183.62,,-380,648,-308,,,49.5,-54.15,-90
183.65,,-144,56,-792,,,51.15,-54.45,-90.45
183.69,,-12,56,-684,,,52.35,-54.45,-91.05
183.76,,68,60,-724,,,52.5,-54.6,-91.95
183.80,,-88,-16,-840,,,52.2,-53.7,-92.4
183.83,,-356,-96,-988,,,53.55,-54.45,-92.7
183.87,,-560,20,-1232,,,53.55,-54.3,-93.3
183.91,,-556,-52,-1388,,,53.4,-54.6,-93.45
183.94,,-392,36,-1336,,,52.65,-54.3,-92.1
183.98,,-616,-148,-1140,,,52.35,-54.3,-90.6
184.05,,-632,24,-988,,,49.35,-55.35,-88.05
184.09,,-576,220,-812,,,47.25,-56.1,-85.65
184.12,,-288,204,-868,,,43.35,-55.2,-83.1
184.16,,-144,-228,-884,,,41.55,-53.7,-81.3
184.20,,344,-256,-1144,,,40.8,-53.25,-79.05
184.23,,452,412,-752,,,37.95,-51,-77.4
184.30,,96,-56,-928,,,36.6,-51,-76.2
184.34,,336,-112,-816,,,35.4,-51.3,-76.2
184.38,,124,-8,-924,,,35.25,-53.1,-76.65
184.41,,32,-32,-924,,,34.2,-53.55,-76.35
184.45,,428,84,-1004,,,34.05,-52.8,-76.5
184.49,,288,-104,-1024,,,34.35,-52.95,-76.95
184.56,,408,136,-1108,,,34.65,-54.3,-77.4
184.60,,268,120,-1100,,,35.1,-53.55,-77.25
184.63,,108,40,-1332,,,36.6,-53.4,-76.95
184.67,,248,-120,-1508,,,38.55,-53.4,-79.35
184.70,,-60,-104,-1572,,,41.4,-54,-81.15
184.74,,-372,-112,-1236,,,43.35,-54.6,-84.15
184.93,,-544,104,-768,,,50.25,-57.9,-90.9
184.96,,648,-420,-92,,,50.25,-56.25,-90.45
185.00,,232,-172,-588,,,49.8,-55.2,-91.5
185.04,,-52,8,-492,,,50.55,-55.05,-92.4
185.07,,-72,204,-696,,,51.6,-55.2,-94.5
185.11,,-356,-184,-832,,,51.45,-54.45,-94.2
185.18,,-28,36,-724,,,52.65,-56.1,-96.45
185.22,,-124,-16,-932,,,53.4,-55.05,-96.3
185.25,,-492,-24,-1096,,,53.55,-55.95,-96.75
185.29,,-440,-32,-1208,,,53.55,-56.7,-97.8
185.33,,-440,76,-1280,,,53.85,-57.75,-96.45
185.36,,-536,16,-1380,,,52.2,-56.55,-96.15
185.44,,-736,-324,-1100,,,51,-57.3,-94.05
185.47,,-528,112,-836,,,49.2,-59.1,-92.85
185.51,,-304,236,-824,,,47.4,-58.95,-89.4
185.54,,-360,260,-804,,,45.45,-57.45,-87.15
185.58,,-68,-156,-1056,,,43.05,-55.8,-83.55
185.62,,388,168,-604,,,40.65,-55.2,-82.8
185.69,,324,48,-976,,,38.55,-55.8,-81
185.72,,316,-72,-792,,,37.5,-54.9,-79.95
185.76,,668,-44,-648,,,35.55,-55.2,-80.1
185.80,,124,40,-820,,,35.4,-56.55,-80.7
185.83,,328,148,-948,,,34.8,-55.95,-80.25
185.87,,384,148,-1008,,,34.95,-57,-80.1
185.94,,440,-56,-1040,,,36,-57.15,-81.75
185.98,,240,40,-1136,,,36.15,-56.1,-79.8
186.02,,184,56,-1468,,,36.15,-55.8,-80.4
186.05,,88,76,-1560,,,38.25,-55.5,-82.5
186.09,,40,48,-1584,,,41.4,-56.7,-84.45
186.12,,-316,-140,-1384,,,44.25,-55.95,-86.85
186.20,,-476,196,-1168,,,49.2,-59.55,-92.1
186.23,,-576,228,-988,,,48.75,-59.1,-92.55
186.27,,-640,280,-572,,,49.2,-59.55,-94.05
186.30,,-540,124,-1240,,,49.2,-59.55,-93.3
186.34,,484,-484,-440,,,49.8,-57.15,-93.3
186.38,,288,-56,-328,,,51,-56.25,-94.05
186.43,,-284,132,-760,,,51.15,-57.75,-95.85
186.48,,356,-176,-700,,,51.75,-57.6,-96.45
186.51,,-28,68,-792,,,52.65,-57,-96
186.55,,4,-100,-780,,,51.45,-57.15,-96.75
186.59,,-116,-16,-1068,,,51.75,-57.45,-97.35
186.62,,-468,16,-1156,,,52.2,-57.75,-98.1
186.66,,-508,0,-1244,,,52.35,-58.95,-97.8
186.73,,-440,-20,-1320,,,51.75,-58.8,-96.9
186.77,,-612,12,-1264,,,50.85,-58.8,-96.15
186.80,,-472,-472,-1236,,,49.8,-58.2,-94.35
186.84,,-536,-364,-1048,,,48,-58.95,-92.85
186.88,,-356,216,-860,,,46.2,-58.2,-89.25
186.91,,-328,172,-1012,,,44.7,-57.3,-86.55
186.98,,472,-116,-652,,,40.05,-56.55,-83.85
187.02,,688,192,-876,,,39.3,-55.5,-83.25
187.06,,480,-36,-1000,,,37.65,-55.95,-81
187.09,,140,-136,-632,,,34.95,-55.35,-80.55
187.13,,144,-112,-760,,,34.95,-56.55,-81.75
187.17,,340,-88,-932,,,33.6,-56.4,-81.15
187.24,,280,80,-1056,,,33,-56.55,-81
187.28,,460,-16,-1048,,,33.45,-57.6,-82.5
187.31,,432,-140,-1024,,,33.6,-57.6,-81.75
187.35,,152,156,-1008,,,33.9,-57.75,-81.3
187.38,,156,40,-992,,,34.95,-57.3,-81.45
187.42,,244,0,-1596,,,36,-58.35,-82.5
187.49,,-20,-268,-1532,,,39.75,-57.6,-84.9
187.53,,-132,-116,-1496,,,41.7,-57.75,-87.3
187.56,,-504,-248,-1372,,,44.85,-58.5,-88.8
187.60,,-460,12,-1236,,,46.35,-59.7,-91.5
187.64,,-516,128,-1008,,,46.65,-60.6,-92.55
187.67,,-596,52,-452,,,47.55,-60.3,-93
187.74,,260,-264,-356,,,48.6,-59.25,-94.5
187.78,,72,120,-528,,,48.9,-57.15,-92.7
187.82,,-176,100,-704,,,50.1,-57,-94.2
187.86,,236,-308,-1000,,,50.7,-56.25,-95.1
187.89,,-220,-184,-464,,,50.4,-56.55,-95.1
187.93,,-216,-64,-856,,,51.9,-55.65,-94.65
188.00,,-212,-112,-884,,,51.75,-56.25,-95.7
188.04,,-536,72,-1048,,,51.3,-56.55,-95.85
188.07,,-524,24,-1136,,,51.45,-57,-95.1
188.11,,-516,-120,-1192,,,51.3,-54.9,-94.65
188.14,,-620,-260,-1076,,,50.55,-54.3,-92.7
188.18,,-548,-372,-1064,,,49.8,-54.6,-91.2
188.25,,-276,40,-912,,,47.1,-55.35,-88.35
188.29,,-372,148,-1408,,,46.5,-55.2,-88.5
188.32,,24,-216,-600,,,45.45,-54.9,-86.1
188.36,,-92,0,-940,,,44.25,-55.65,-85.35
188.40,,-116,32,-1084,,,42.6,-55.5,-85.35
188.43,,-16,44,-952,,,41.55,-55.95,-83.1
188.51,,196,28,-984,,,39.9,-56.25,-82.95
188.54,,40,44,-992,,,38.7,-56.85,-82.2
188.58,,136,60,-972,,,38.7,-56.7,-81.9
188.62,,168,88,-968,,,37.8,-57.15,-82.5
188.65,,180,20,-996,,,37.2,-58.65,-82.2
188.69,,88,68,-980,,,37.35,-57,-82.95
188.72,,192,28,-1068,,,38.1,-58.35,-82.95
188.80,,160,48,-1024,,,38.7,-60,-84.15
188.83,,8,-28,-1060,,,40.05,-59.85,-84.15
188.87,,92,68,-1080,,,39.15,-60.75,-85.35
188.90,,148,88,-1056,,,39.75,-62.1,-85.8
188.94,,20,112,-1072,,,39.9,-63.45,-87.45
188.98,,-36,224,-1124,,,41.25,-65.1,-88.5
189.15,,-100,248,-1120,,,43.8,-67.95,-93
189.19,,-136,260,-1136,,,43.8,-68.1,-94.65
189.23,,-160,292,-1088,,,45,-68.1,-95.1
189.26,,-208,368,-1040,,,45.6,-69.3,-96.45
189.30,,-172,444,-1084,,,47.1,-69.75,-97.65
189.34,,-116,484,-1020,,,46.65,-69.6,-97.65
189.41,,-76,528,-1016,,,48,-69.75,-99.15
189.44,,-40,440,-1000,,,49.05,-69.3,-99.3
189.48,,-64,408,-820,,,49.5,-68.1,-99.6
189.52,,-52,468,-920,,,50.4,-68.1,-99.9
189.55,,-44,452,-844,,,51.6,-66.6,-100.65
189.59,,-36,408,-820,,,51.6,-66.3,-100.35
189.66,,-232,400,-720,,,54,-62.85,-103.5
189.70,,-296,240,-492,,,55.35,-60.45,-105
189.73,,-380,192,-416,,,56.85,-57.6,-106.95
189.77,,-584,176,-328,,,57.9,-54.15,-109.35
189.80,,-668,20,-232,,,57.9,-51.45,-112.35
189.84,,-816,-92,-140,,,57.3,-48.45,-112.95
189.92,,-1056,-388,12,,,55.8,-40.65,-117.75
189.95,,-1096,-480,92,,,53.4,-36.6,-119.55
189.99,,-1212,-544,244,,,50.25,-33.45,-120.15
190.02,,-1188,-460,240,,,47.7,-28.8,-120.75
190.06,,-1100,-592,236,,,43.65,-25.8,-119.7
190.10,,-1052,-564,256,,,39.75,-23.25,-118.5
190.17,,-876,-636,236,,,34.35,-18.15,-115.2
190.20,,-780,-652,236,,,31.65,-16.65,-114.3
190.24,,-680,-724,188,,,28.35,-14.7,-111
190.28,,-604,-748,172,,,26.1,-13.95,-108.75
190.31,,-612,-912,164,,,24.3,-13.5,-108.15
190.35,,-536,-932,180,,,21.9,-12,-105.6
190.42,,-448,-1060,112,,,18.75,-11.85,-102
190.46,,-428,-1136,160,,,16.95,-12,-99.75
190.49,,-456,-1020,-216,,,16.05,-12.45,-96.6
190.53,,-696,-952,-176,,,15,-12.15,-94.35
190.57,,-784,-936,-376,,,13.05,-13.5,-91.2
190.60,,-788,-828,-364,,,11.85,-13.8,-89.1
190.68,,-884,-884,-468,,,9.6,-16.95,-85.8
190.71,,-884,-888,-564,,,9,-18,-85.05
190.75,,-1092,-608,-712,,,9.45,-18.15,-82.95
190.78,,-1244,-724,-600,,,9,-19.8,-82.5
190.82,,-516,-704,-452,,,10.05,-21.15,-81.6
190.86,,-120,-684,-504,,,8.4,-21.75,-80.4
190.93,,308,-796,-792,,,7.65,-24.3,-81.15
190.96,,244,-664,-380,,,6.9,-26.25,-81.3
191.00,,328,-656,-848,,,6.6,-27.6,-80.25
191.04,,360,-708,-680,,,8.1,-29.55,-79.5
191.07,,92,-464,-956,,,6.75,-32.7,-79.35
191.11,,100,-412,-864,,,7.35,-33.45,-79.05
191.18,,84,-380,-904,,,7.95,-38.1,-78.3
191.22,,12,-220,-800,,,6.9,-39.45,-79.05
191.26,,140,-328,-1012,,,8.55,-40.65,-79.05
191.29,,164,-176,-836,,,7.5,-42.15,-79.05
191.33,,76,-164,-848,,,7.5,-44.85,-80.4
191.36,,200,-196,-924,,,7.5,-46.8,-81.9
191.44,,128,-88,-968,,,7.95,-50.25,-83.7
191.47,,204,-84,-960,,,7.2,-50.1,-82.95
191.51,,228,-68,-1028,,,7.8,-50.25,-83.25
191.54,,108,-32,-1084,,,7.8,-51,-82.8
191.58,,64,-32,-1140,,,8.1,-52.2,-83.55
191.62,,140,-160,-1204,,,9.15,-53.25,-82.65
191.69,,100,-60,-1388,,,10.35,-52.8,-82.65
191.72,,-96,0,-1236,,,10.2,-54.75,-84.15
191.76,,-24,-108,-1360,,,10.2,-55.2,-83.85
191.80,,-136,-64,-1216,,,11.4,-57,-85.05
191.84,,-180,168,-1040,,,10.2,-58.35,-85.2
191.87,,-172,240,-984,,,9.75,-58.95,-86.55
191.92,,-36,56,-856,,,9.9,-57.9,-85.5
191.97,,104,184,-860,,,8.1,-58.35,-87.6
192.01,,56,160,-908,,,7.2,-59.55,-87.9
192.04,,88,112,-888,,,7.5,-59.4,-88.5
192.08,,208,132,-1000,,,6.75,-58.8,-88.8
192.12,,172,72,-908,,,5.25,-58.65,-88.8
192.15,,108,80,-928,,,6.15,-58.5,-87.75
192.22,,156,-16,-1096,,,5.7,-57,-88.65
192.26,,132,8,-1040,,,5.7,-57,-87.75
192.30,,96,36,-1096,,,5.7,-56.55,-86.85
192.33,,96,-12,-1024,,,5.85,-55.95,-86.7
192.37,,104,76,-1080,,,5.7,-55.05,-86.1
192.40,,-104,-196,-1032,,,6.15,-54.75,-85.05
192.48,,36,-28,-1212,,,6.75,-54.45,-84.45
192.52,,-72,-176,-1356,,,6.75,-52.95,-84
192.55,,-68,-12,-1340,,,7.95,-52.95,-84.6
192.59,,-260,-136,-1188,,,9,-51.9,-81.9
192.62,,-348,-328,-1472,,,11.55,-49.8,-79.8
192.66,,-508,-216,-1312,,,12.75,-50.1,-79.5
192.73,,-624,36,-804,,,15.3,-52.05,-78.15
192.77,,-792,336,-552,,,16.2,-50.85,-78
192.80,,-304,24,-956,,,15.9,-51.45,-78
192.84,,292,-512,-356,,,18,-47.85,-75.45
192.88,,-328,-528,-612,,,18,-47.4,-76.05
192.91,,104,12,-732,,,18.15,-48.6,-76.5
192.95,,-116,-64,-808,,,18,-49.5,-76.2
193.02,,128,48,-632,,,18.3,-49.5,-75.45
193.06,,-52,28,-792,,,19.05,-50.55,-76.35
193.09,,-304,24,-1052,,,19.05,-50.55,-76.5
193.13,,-476,-140,-1132,,,19.35,-51.3,-76.35
193.17,,-472,40,-1284,,,18.9,-52.2,-76.95
193.20,,-388,-180,-1364,,,18.6,-50.55,-76.95
193.39,,-356,0,-880,,,8.55,-56.25,-83.4
193.43,,0,-108,-880,,,7.5,-56.55,-84.75
193.46,,28,-388,-1208,,,6,-56.25,-85.95
193.50,,356,100,-1036,,,3.45,-56.1,-88.2
193.54,,316,72,-1044,,,3.3,-56.7,-88.5
193.57,,308,-64,-952,,,1.95,-58.65,-90.75
193.64,,216,-16,-884,,,0.75,-61.05,-93.75
193.68,,120,96,-988,,,0.3,-60.75,-92.55
193.72,,268,4,-992,,,0.15,-61.35,-94.65
193.75,,328,-4,-1024,,,-0.15,-60.75,-94.05
193.79,,292,-68,-1132,,,0.9,-61.65,-93.75
193.83,,232,-204,-1124,,,0.9,-61.65,-93.6
193.90,,32,368,-1532,,,1.8,-63.15,-91.5
193.94,,-20,204,-1464,,,4.65,-62.7,-91.05
193.97,,8,-72,-1644,,,5.7,-63.15,-89.25
194.01,,-520,-32,-1308,,,8.85,-61.65,-87.3
194.04,,-452,52,-1256,,,10.95,-61.95,-85.2
194.08,,-560,272,-1036,,,12.9,-64.5,-84.45
194.15,,-580,264,-464,,,13.95,-58.95,-81.6
194.19,,20,-472,-408,,,16.2,-56.55,-79.05
194.22,,964,-44,-468,,,16.2,-54.15,-78.45
194.26,,-40,64,-400,,,17.7,-53.4,-77.55
194.30,,-4,-8,-800,,,18.3,-53.1,-77.4
194.33,,-68,-136,-584,,,19.95,-53.25,-77.1
194.37,,-208,128,-660,,,20.1,-53.4,-76.5
194.44,,-64,-84,-948,,,21.45,-53.55,-76.05
194.48,,-260,-92,-1012,,,22.35,-52.5,-76.95
194.52,,-492,-176,-1280,,,22.5,-52.65,-76.95
194.55,,-312,4,-1380,,,21,-52.65,-76.05
194.59,,-540,-200,-1304,,,20.7,-52.2,-76.8
194.62,,-592,-176,-1372,,,19.95,-52.05,-76.5
194.70,,-644,-240,-700,,,16.35,-57,-79.8
194.73,,-392,248,-848,,,12.15,-57.3,-82.05
194.77,,-500,272,-864,,,10.8,-56.25,-83.4
194.80,,-312,-32,-936,,,8.25,-57.15,-83.55
194.84,,420,-304,-680,,,5.7,-56.25,-85.35
194.88,,480,288,-736,,,4.05,-57.6,-87.3
194.95,,356,-156,-784,,,1.05,-59.7,-90.3
194.98,,364,-44,-840,,,0.75,-60.15,-91.5
195.02,,612,40,-812,,,0.75,-60.15,-91.95
195.06,,64,240,-852,,,-0.15,-61.05,-91.95
195.10,,492,96,-1104,,,-0.3,-61.5,-92.55
195.13,,616,-32,-1092,,,0.15,-61.2,-91.95
195.20,,284,8,-1112,,,1.05,-60.3,-91.5
195.24,,140,8,-1124,,,1.95,-59.7,-88.65
195.28,,180,204,-1516,,,2.7,-58.2,-88.05
195.31,,84,184,-1628,,,4.65,-56.25,-85.35
195.35,,188,-204,-1648,,,5.7,-55.8,-85.05
195.38,,-248,-68,-1400,,,8.7,-55.2,-81.3
195.46,,-584,112,-1192,,,15,-56.1,-79.65
195.49,,-596,128,-992,,,16.05,-57.15,-79.35
195.53,,-740,324,-620,,,16.05,-55.35,-78.15
195.57,,-376,-12,-920,,,16.95,-54.75,-77.25
195.60,,48,-568,-552,,,17.1,-52.95,-76.05
195.64,,520,24,-412,,,17.85,-52.2,-76.65
195.71,,-4,-148,-996,,,19.8,-53.1,-76.35
195.74,,-372,-156,-712,,,20.4,-53.85,-76.5
195.78,,340,36,-764,,,19.95,-55.35,-77.25
195.82,,-156,-60,-928,,,21,-56.25,-77.55
195.86,,-260,68,-1056,,,22.5,-56.7,-76.8
195.89,,-336,132,-1144,,,21,-56.85,-77.55
195.96,,-320,4,-1488,,,21.15,-54.45,-77.25
196.00,,-432,-168,-1368,,,21,-54,-76.65
196.04,,-620,-344,-1232,,,19.2,-54,-76.35
196.07,,-684,-212,-1120,,,16.95,-56.1,-77.7
196.11,,-424,80,-976,,,14.1,-56.7,-79.8
196.14,,-272,348,-624,,,12.3,-56.7,-80.85
196.22,,28,-388,-904,,,6.15,-57,-85.05
196.25,,524,372,-624,,,5.25,-58.95,-86.7
196.29,,488,16,-952,,,3.15,-59.1,-89.1
196.32,,176,-132,-884,,,3.3,-59.1,-89.4
196.36,,248,0,-864,,,2.55,-59.85,-90.3
196.40,,428,96,-928,,,1.95,-62.4,-92.1
196.44,,196,164,-880,,,1.5,-62.1,-92.7
196.51,,332,36,-1000,,,1.05,-62.4,-94.5
196.54,,364,-64,-1060,,,0.45,-62.1,-94.2
196.58,,332,60,-1128,,,1.5,-63.15,-93.15
196.62,,336,168,-1164,,,2.1,-61.2,-92.55
196.65,,204,-72,-1452,,,1.95,-61.05,-90.75
196.69,,128,-28,-1340,,,4.05,-60.15,-89.1
196.76,,-336,-128,-1428,,,9.75,-57.15,-83.4
196.80,,-480,-184,-1520,,,13.2,-57.3,-82.05
196.83,,-492,144,-1196,,,15.45,-58.5,-81.45
196.87,,-752,276,-996,,,16.65,-59.25,-82.5
196.90,,-692,212,-520,,,16.8,-58.65,-81.6
196.94,,-664,-24,-988,,,16.95,-57,-79.95
197.01,,464,-240,-324,,,19.65,-56.55,-79.35
197.05,,-344,236,-464,,,21.15,-55.95,-79.5
197.09,,-176,244,-836,,,22.05,-56.1,-79.95
197.12,,-188,100,-668,,,22.65,-55.5,-79.5
197.16,,188,-44,-744,,,22.95,-55.95,-79.05
197.20,,-244,152,-924,,,23.55,-57,-79.65
197.27,,-460,-160,-1152,,,24.15,-54.9,-78.75
197.30,,-416,0,-1252,,,24.6,-53.85,-78.9
197.34,,-424,-172,-1240,,,24,-53.7,-79.2
197.38,,-516,-276,-1268,,,23.4,-54.3,-79.35
197.41,,-508,-292,-1260,,,22.2,-55.5,-80.4
197.45,,-680,-328,-1124,,,19.05,-57.15,-81.15
197.62,,644,0,-1084,,,7.95,-60,-87.45
197.66,,284,196,-888,,,7.5,-60.6,-88.95
197.70,,280,-124,-1112,,,7.05,-61.2,-90
197.73,,236,-164,-784,,,6.6,-61.5,-90.15
197.77,,236,-120,-916,,,5.7,-61.65,-91.5
197.81,,28,56,-872,,,4.95,-61.95,-91.8
197.88,,196,64,-1060,,,4.95,-61.95,-92.1
197.92,,368,-64,-1080,,,5.1,-61.5,-91.95
197.95,,476,-248,-908,,,5.4,-61.8,-91.8
197.99,,236,52,-1128,,,5.25,-60.9,-91.8
198.02,,124,156,-1184,,,5.85,-60.45,-91.2
198.06,,-20,-184,-1296,,,7.05,-59.85,-89.55
198.10,,88,-92,-1508,,,9,-59.55,-88.35
198.17,,-624,-292,-1376,,,13.2,-57.3,-85.2
198.20,,-532,-292,-1460,,,16.2,-58.95,-84.75
198.24,,-476,-32,-1196,,,16.8,-59.4,-83.7
198.28,,-724,92,-896,,,18.3,-60.6,-84.15
198.31,,-684,92,-704,,,18.45,-59.4,-83.7
198.35,,-416,-176,20,,,18.75,-58.95,-83.1
198.42,,128,-12,-440,,,21,-55.8,-80.4
198.46,,-220,368,-860,,,20.4,-55.95,-80.1
198.50,,-484,-220,-716,,,22.05,-56.1,-81.3
198.53,,88,40,-768,,,23.25,-55.5,-80.55
198.57,,120,-156,-768,,,22.65,-55.2,-80.7
198.60,,-220,-24,-940,,,22.65,-55.5,-81.75
198.68,,-584,-124,-1028,,,23.85,-56.55,-81
198.71,,-312,-20,-1300,,,24,-55.65,-81.6
198.75,,-420,-20,-1276,,,23.4,-55.65,-81.3
198.78,,-524,-152,-1376,,,22.05,-56.25,-81.75
198.82,,-296,-236,-976,,,20.4,-56.85,-82.5
198.86,,-644,-308,-932,,,17.7,-58.35,-83.4
198.93,,-200,112,-1064,,,13.05,-60.15,-86.4
198.96,,-244,172,-872,,,10.8,-60.3,-87.3
199.00,,132,-236,-1220,,,9,-61.5,-88.5
199.04,,360,64,-784,,,7.5,-61.5,-88.8
199.07,,292,204,-540,,,7.65,-61.8,-90.75
199.11,,228,28,-952,,,5.7,-61.8,-91.05
199.18,,160,-88,-904,,,3.6,-63.45,-94.35
199.22,,336,84,-952,,,3.9,-63.45,-95.1
199.26,,360,80,-976,,,2.7,-62.55,-95.25
199.29,,340,44,-1068,,,2.55,-63,-95.7
199.33,,364,-84,-1008,,,2.55,-63,-95.85
199.36,,280,-76,-1076,,,1.65,-64.05,-94.95
199.44,,324,-8,-1056,,,2.55,-62.1,-94.8
199.47,,168,24,-1280,,,2.55,-61.65,-92.55
199.51,,144,-48,-1400,,,4.65,-61.05,-90.75
199.54,,96,8,-1748,,,7.2,-59.85,-88.2
199.58,,-68,44,-1580,,,10.95,-58.2,-85.05
199.62,,-548,-252,-1404,,,13.05,-57.9,-84.15
199.65,,-500,-76,-1296,,,15,-58.95,-83.85
199.73,,-656,164,-512,,,16.65,-60.45,-83.4
199.76,,-364,132,-808,,,16.35,-59.1,-82.5
199.80,,-204,-308,200,,,17.1,-55.8,-80.1
199.84,,508,-32,-596,,,18,-56.4,-80.55
199.87,,20,176,-632,,,17.7,-56.4,-79.8
199.91,,276,92,-796,,,19.05,-56.4,-80.1
199.98,,108,-60,-664,,,21,-56.7,-79.5
200.02,,-24,-196,-808,,,21.45,-56.7,-78.9
200.05,,-104,-4,-1116,,,22.2,-56.55,-78.45
200.09,,-616,-140,-1172,,,22.35,-55.65,-78
200.12,,-528,-216,-1252,,,22.95,-57.15,-78.75
200.16,,-396,60,-1244,,,22.95,-56.4,-79.2
200.23,,-504,-344,-1036,,,20.55,-55.65,-78.75
200.27,,-592,-248,-1060,,,18.3,-55.35,-79.8
200.30,,-640,-172,-916,,,15.9,-58.8,-81.75
200.34,,-284,168,-908,,,12.6,-58.8,-83.4
200.38,,-236,100,-800,,,10.05,-57.6,-83.85
200.42,,-148,-320,-840,,,7.8,-57.15,-84.75
200.49,,596,320,-796,,,6.15,-60.45,-88.65
200.52,,372,-100,-780,,,4.65,-60.3,-90.3
200.56,,268,-112,-844,,,2.85,-61.35,-91.95
200.60,,448,64,-868,,,2.4,-62.4,-92.85
200.63,,388,48,-900,,,1.5,-63.45,-93.75
200.67,,180,128,-888,,,1.65,-63.75,-93.6
200.74,,424,112,-1016,,,1.5,-64.35,-94.8
200.78,,568,-36,-1128,,,1.35,-63.6,-95.55
200.81,,580,92,-1216,,,1.65,-63.3,-94.5
200.85,,352,-24,-1088,,,1.8,-61.35,-92.85
200.88,,84,-24,-1088,,,2.85,-61.05,-91.65
200.92,,148,52,-1400,,,3.15,-58.65,-88.5
200.99,,12,-308,-1648,,,7.95,-58.2,-85.2
201.03,,-464,52,-1400,,,12.15,-58.5,-83.25
201.07,,-432,-244,-1480,,,13.5,-58.65,-81.75
201.10,,-668,32,-1044,,,15.75,-60.6,-82.35
201.14,,-772,352,-600,,,17.1,-61.05,-82.35
201.18,,-536,228,-504,,,16.2,-59.85,-81.6
201.25,,220,76,12,,,18.9,-56.55,-78.15
201.28,,192,256,-316,,,19.05,-55.5,-78
201.32,,304,332,-604,,,19.65,-56.25,-77.85
201.36,,-348,-276,-780,,,22.2,-55.8,-77.55
201.39,,132,-44,-848,,,22.05,-57,-77.55
201.43,,28,-80,-864,,,23.4,-57,-77.55
201.46,,-160,232,-912,,,23.55,-57.75,-77.7
201.54,,-532,72,-1256,,,24.9,-57.6,-77.85
201.57,,-400,-132,-1440,,,24.3,-58.05,-76.8
201.61,,-416,24,-1476,,,24.15,-57.45,-77.1
201.65,,-668,-68,-1372,,,22.05,-57.15,-76.5
201.68,,-632,-176,-1516,,,21,-57,-77.55
201.72,,-824,-372,-772,,,18.15,-58.2,-78.75
201.91,,340,136,-616,,,4.8,-58.95,-85.95
201.94,,588,0,-1020,,,3.15,-60.6,-86.85
201.98,,336,-140,-844,,,3.45,-62.25,-88.65
202.02,,388,-60,-992,,,1.35,-62.4,-90.6
202.05,,436,-112,-888,,,0.45,-63.3,-92.55
202.09,,196,44,-728,,,0,-64.35,-91.95
202.16,,528,-8,-1092,,,0,-64.35,-92.4
202.20,,520,-232,-1016,,,0.45,-65.1,-93.45
202.23,,384,-44,-1128,,,-0.45,-64.2,-92.55
202.27,,356,4,-1108,,,1.2,-63.15,-90.75
202.30,,64,20,-1180,,,1.65,-62.1,-89.4
202.34,,148,16,-1320,,,2.85,-60.9,-88.2
202.42,,-12,-4,-1612,,,7.8,-59.25,-82.65
202.45,,-276,-60,-1616,,,12,-57.15,-79.35
202.49,,-444,-432,-1376,,,14.1,-57,-78.6
202.52,,-432,-20,-1344,,,16.65,-59.7,-79.05
202.56,,-672,60,-948,,,18.15,-61.05,-78.6
202.60,,-676,224,-376,,,17.55,-59.55,-77.7
202.67,,-296,-112,-352,,,18.6,-55.65,-75.15
202.70,,544,-240,-312,,,19.35,-55.95,-75
202.74,,100,52,-668,,,20.7,-56.25,-74.7
202.78,,-64,8,-852,,,22.05,-56.85,-74.1
202.81,,-264,-212,-968,,,23.4,-56.25,-73.65
202.85,,136,-124,-792,,,23.4,-55.35,-73.95
202.92,,-348,-28,-1004,,,24.6,-57.6,-74.7
202.96,,-432,-28,-864,,,24.3,-57.9,-75.75
202.99,,-364,8,-1224,,,25.2,-58.5,-75.3
203.03,,-324,-96,-1088,,,24.45,-60,-75.75
203.07,,-548,-108,-1392,,,23.4,-59.25,-76.5
203.10,,-380,-108,-1376,,,21.75,-60.9,-76.8
203.18,,-908,-208,-812,,,18.3,-64.2,-80.25
203.21,,-364,184,-996,,,15.6,-66.75,-82.8
203.25,,-568,328,-840,,,11.7,-65.1,-82.35
203.28,,-112,-112,-804,,,10.35,-64.8,-84.15
203.32,,264,-296,-1116,,,8.1,-65.7,-85.65
203.36,,388,-44,-300,,,6.75,-64.95,-86.1
203.43,,316,-172,-828,,,4.2,-66.6,-88.8
203.46,,368,-24,-788,,,2.85,-66.15,-89.7
203.50,,320,-52,-944,,,2.85,-66,-90.6
203.54,,176,64,-920,,,1.95,-66.9,-91.5
203.57,,384,76,-996,,,1.35,-66.15,-92.1
203.61,,352,-4,-1068,,,1.35,-66,-91.65
203.64,,488,-80,-1112,,,0.15,-64.8,-90.75
203.72,,352,-232,-1080,,,1.5,-63.9,-89.1
203.76,,244,-52,-1052,,,1.2,-63.9,-88.8
203.79,,144,24,-1248,,,2.1,-62.4,-87.45
203.83,,196,-200,-1372,,,5.25,-63.3,-85.2
203.86,,84,-244,-1592,,,6.9,-63.45,-84
203.90,,-176,88,-1528,,,10.95,-63.45,-82.35
203.97,,-420,124,-1272,,,16.8,-65.55,-81.75
204.01,,-616,228,-1136,,,18.3,-67.8,-82.95
204.04,,-568,256,-936,,,18.3,-66.3,-80.85
204.08,,-304,20,-696,,,18.9,-65.25,-79.8
204.12,,-312,-388,-12,,,20.7,-63.45,-78.15
204.15,,524,124,-368,,,22.05,-60.6,-76.5
204.22,,44,-32,-800,,,24.9,-60.45,-76.5
204.26,,228,-232,-808,,,25.95,-59.4,-75.6
204.30,,-236,-196,-804,,,26.1,-59.55,-76.05
204.34,,-8,-204,-772,,,27.9,-60.6,-76.95
204.37,,-68,48,-972,,,27.45,-61.2,-76.35
204.41,,-268,-32,-1092,,,27.75,-60.75,-76.2
204.48,,-216,84,-1412,,,28.35,-60.6,-75.6
204.52,,-396,-80,-1420,,,27,-59.25,-75.3
204.55,,-556,-80,-1456,,,26.25,-59.1,-75.9
204.59,,-700,-288,-1308,,,25.35,-59.55,-75.9
204.62,,-808,-348,-816,,,22.65,-61.5,-77.1
204.66,,-492,116,-1100,,,20.85,-61.95,-78
204.73,,-360,288,-792,,,15,-60.6,-78.75
204.77,,-288,-240,-744,,,11.7,-59.85,-79.35
204.80,,640,-256,-1004,,,9.3,-59.85,-80.85
204.84,,392,96,-712,,,7.35,-59.25,-82.2
204.88,,360,32,-816,,,5.85,-59.4,-84.6
204.91,,484,-24,-636,,,5.4,-59.85,-84
204.97,,384,-84,-784,,,3.9,-61.8,-87
205.02,,348,32,-896,,,2.7,-63.15,-88.05
205.05,,432,48,-1148,,,3,-61.8,-88.2
205.09,,644,-60,-1004,,,3.6,-60.9,-87.15
205.12,,408,-128,-980,,,3.9,-60.6,-86.7
205.16,,388,-104,-1036,,,4.8,-60.15,-84.9
205.20,,256,72,-1076,,,6.15,-60,-83.85
205.27,,268,-44,-1484,,,7.95,-57.45,-81.45
205.30,,332,-144,-1596,,,9.6,-57.9,-81
205.34,,128,-264,-1612,,,13.2,-58.05,-79.65
205.38,,-504,52,-1248,,,16.95,-57.45,-77.25
205.41,,-624,-132,-1588,,,20.25,-56.55,-76.35
205.45,,-424,196,-1244,,,23.55,-59.25,-77.1
205.52,,-688,236,-648,,,24.45,-57.3,-76.5
205.56,,-516,392,-388,,,24.75,-56.4,-75
205.59,,-380,-484,-436,,,24.75,-55.35,-75.15
205.63,,632,176,-688,,,25.8,-55.05,-75.6
205.67,,252,268,-780,,,26.4,-55.35,-75
205.70,,-568,-140,-896,,,27.75,-56.4,-75
205.78,,-196,-156,-700,,,29.55,-56.1,-74.85
205.81,,28,220,-816,,,30.75,-57.15,-75.3
205.85,,-48,188,-928,,,30.6,-57.45,-75.6
205.89,,-496,-20,-1012,,,31.35,-55.35,-75.15
205.92,,-364,-56,-944,,,30.3,-55.8,-74.85
205.96,,-316,80,-1264,,,30.45,-55.5,-74.85
206.13,,-684,-100,-1080,,,26.1,-58.05,-76.65
206.17,,-464,188,-1016,,,23.7,-60.9,-78
206.20,,-652,100,-948,,,21.75,-62.7,-78.6
206.24,,-424,136,-1012,,,19.05,-61.5,-78.45
206.28,,-12,-232,-1000,,,16.95,-59.7,-78.6
206.31,,76,132,-516,,,15.15,-59.1,-78.45
206.39,,216,-24,-660,,,10.05,-59.4,-81.75
206.42,,324,-160,-784,,,9.45,-59.1,-81.45
206.46,,268,124,-892,,,7.8,-58.95,-82.5
206.50,,260,108,-788,,,6.3,-59.4,-84.3
206.53,,480,-104,-788,,,5.25,-59.55,-84.75
206.57,,516,80,-816,,,4.2,-60.15,-86.25
206.64,,496,64,-960,,,4.8,-60,-85.2
206.68,,496,24,-1004,,,4.2,-58.65,-84.9
206.71,,364,64,-1028,,,4.95,-58.95,-84.3
206.75,,332,-20,-1068,,,6.45,-58.05,-83.55
206.78,,296,-36,-1064,,,6,-57.6,-82.35
206.82,,344,12,-1088,,,6.9,-57.45,-81.45
206.86,,212,12,-1092,,,8.1,-57.15,-80.7
206.93,,180,-76,-1196,,,8.85,-55.05,-79.95
206.96,,224,-88,-1128,,,8.85,-54.9,-77.85
207.00,,164,-84,-1036,,,10.35,-56.1,-78
207.04,,140,-96,-1132,,,10.65,-56.1,-77.55
207.08,,112,-56,-1100,,,11.25,-56.25,-77.85
207.11,,116,12,-1032,,,10.65,-57.45,-78.3
207.18,,100,-12,-1036,,,14.25,-59.25,-78.45
207.22,,60,28,-1104,,,14.1,-60.3,-78.3
207.26,,-12,112,-1024,,,15.45,-61.35,-79.8
207.29,,-16,60,-1060,,,15.75,-62.7,-78.75
207.33,,-76,116,-1028,,,17.25,-63.15,-79.95
207.36,,-100,160,-1072,,,18,-66.15,-80.4
207.44,,-176,232,-1060,,,21.75,-69.6,-83.4
207.47,,-260,316,-1020,,,20.55,-71.1,-84.3
207.51,,-256,380,-1044,,,21,-73.8,-85.95
207.54,,-256,412,-988,,,22.8,-76.05,-87.15
207.58,,-220,508,-1052,,,24.6,-77.7,-88.35
207.62,,-272,524,-1032,,,25.05,-77.85,-89.85
207.69,,-288,580,-968,,,28.2,-79.2,-89.7
207.73,,-284,556,-968,,,28.65,-79.2,-90.3
207.76,,-232,512,-932,,,29.7,-78.75,-89.4
207.80,,-200,484,-980,,,30.6,-78.3,-90.6
207.84,,-252,500,-888,,,31.35,-79.2,-91.5
207.87,,-264,496,-916,,,33,-79.35,-91.95
207.94,,-316,528,-780,,,37.65,-79.5,-93.6
207.98,,-292,464,-684,,,40.95,-79.05,-93.15
208.02,,-376,288,-552,,,41.55,-77.7,-93.6
208.05,,-456,292,-496,,,43.95,-77.4,-94.35
208.09,,-540,224,-428,,,46.2,-74.85,-94.2
208.12,,-676,60,-264,,,49.5,-72.9,-96.15
208.20,,-888,-204,-92,,,55.8,-66.75,-97.2
208.23,,-968,-260,-80,,,58.35,-61.95,-99
208.27,,-1036,-372,-20,,,58.2,-60.15,-99.45
208.31,,-1128,-504,128,,,61.05,-52.5,-102.45
208.34,,-1156,-472,116,,,60.15,-51,-102.3
208.38,,-1064,-436,96,,,61.65,-45.45,-102
208.45,,-896,-520,100,,,59.4,-35.55,-99.45
208.49,,-788,-580,116,,,57,-31.05,-98.25
208.52,,-664,-668,144,,,54.9,-26.85,-96.75
208.56,,-644,-752,80,,,53.4,-24.15,-95.4
208.60,,-612,-832,112,,,54,-21.3,-95.1
208.63,,-604,-900,160,,,51.9,-19.5,-95.1
208.70,,-440,-1024,148,,,48.3,-15.6,-91.2
208.74,,-416,-1068,60,,,46.05,-14.1,-90.15
208.78,,-340,-1020,36,,,45.15,-12.3,-87.75
208.81,,-292,-1128,-32,,,43.8,-12,-84
208.85,,-356,-964,-104,,,42.15,-10.95,-82.8
208.88,,-504,-932,-256,,,41.55,-11.1,-80.7
208.96,,-852,-1120,-492,,,39.3,-11.85,-74.4
209.00,,-956,-804,-472,,,37.35,-13.65,-73.05
209.03,,-1016,-844,-476,,,36.45,-13.65,-70.65
209.07,,-1112,-824,-584,,,35.4,-15.6,-69.15
209.10,,-1040,-772,-632,,,34.65,-17.1,-68.55
209.14,,-1228,-560,-468,,,34.2,-18.15,-67.95
209.21,,196,-520,-1012,,,35.1,-20.1,-67.8
209.25,,476,-592,-700,,,32.7,-22.5,-66.3
209.28,,328,-680,-636,,,32.55,-24.3,-65.85
209.32,,368,-704,-716,,,32.1,-25.5,-66.3
209.36,,344,-600,-696,,,30.9,-27.9,-65.7
209.39,,368,-440,-800,,,31.5,-28.35,-65.1
209.46,,352,-432,-920,,,31.65,-32.7,-65.85
209.50,,272,-404,-888,,,32.25,-35.4,-67.5
209.54,,152,-208,-876,,,32.1,-37.65,-67.95
209.57,,204,-156,-828,,,32.85,-40.35,-69.15
209.61,,208,-176,-928,,,31.95,-43.05,-69
209.65,,332,-152,-928,,,31.95,-45.9,-69.75
209.72,,248,-144,-952,,,32.4,-48.75,-71.7
209.76,,204,8,-940,,,32.55,-49.95,-72.75
209.79,,328,-40,-996,,,32.85,-52.65,-73.35
209.83,,196,8,-1008,,,32.85,-53.85,-74.25
209.86,,188,4,-1072,,,34.35,-53.4,-74.1
209.90,,192,32,-1052,,,34.35,-55.2,-75.75
209.97,,104,40,-1148,,,35.7,-55.5,-75.3
210.01,,132,-48,-1208,,,35.1,-55.8,-76.05
210.04,,84,-124,-1324,,,37.35,-57,-77.55
210.08,,76,-4,-1320,,,37.65,-58.05,-77.25
210.12,,-32,24,-1240,,,38.55,-59.7,-78.15
210.15,,-4,-8,-1200,,,37.35,-60.45,-78.6
210.19,,-48,44,-1040,,,36.75,-60.9,-79.2
210.38,,44,256,-820,,,35.85,-59.4,-77.4
210.42,,80,100,-1004,,,35.7,-59.85,-77.85
210.45,,216,56,-1044,,,35.55,-59.55,-76.65
210.49,,192,176,-972,,,34.95,-59.85,-77.7
210.52,,116,208,-1024,,,35.4,-60.45,-77.1
210.56,,60,188,-996,,,35.1,-59.85,-77.1
210.63,,124,116,-1044,,,34.35,-57.45,-76.5
210.67,,96,24,-1100,,,34.35,-57.15,-75.6
210.70,,228,12,-1116,,,34.65,-56.7,-74.1
210.74,,184,4,-1144,,,33.15,-55.2,-73.65
210.78,,96,-12,-1160,,,34.5,-53.55,-73.35
210.81,,44,-20,-1180,,,34.8,-52.95,-72.45
210.88,,-36,-112,-1188,,,36.15,-51.15,-73.65
210.92,,-40,-52,-1284,,,37.35,-51.15,-72.45
210.96,,-292,-68,-1160,,,39.15,-50.85,-73.2
211.00,,-400,-88,-1112,,,39.9,-51.15,-73.65
211.03,,-268,-68,-1004,,,41.1,-50.85,-74.55
211.07,,-224,80,-1056,,,43.35,-50.4,-74.7
211.14,,-344,-160,-784,,,46.35,-48.15,-77.7
211.18,,8,-56,-792,,,47.55,-47.1,-77.7
211.21,,-500,-76,-756,,,48.9,-46.95,-78
211.25,,-80,-260,-724,,,50.55,-45.9,-79.35
211.28,,-76,-180,-504,,,51.6,-46.2,-80.85
211.32,,-136,-44,-724,,,51.15,-45,-80.7
211.39,,-32,-164,-860,,,52.5,-45.75,-81.75
211.43,,-72,-32,-872,,,52.05,-45.6,-82.05
211.46,,-404,-128,-1088,,,53.25,-45,-82.05
211.50,,-460,-68,-1208,,,52.65,-44.4,-81.75
211.54,,-408,-44,-1172,,,51.75,-44.85,-81.6
211.57,,-500,-44,-1236,,,51,-44.25,-79.35
211.65,,-248,-304,-1396,,,49.5,-45.3,-77.85
211.68,,-600,-128,-1012,,,47.85,-46.05,-76.2
211.72,,-388,8,-940,,,46.5,-45.75,-75.9
211.76,,-304,108,-864,,,44.4,-46.8,-74.25
211.79,,-416,28,-924,,,41.1,-46.8,-72.6
211.83,,44,-260,-968,,,40.35,-45,-70.95
211.90,,448,164,-820,,,36.9,-44.85,-70.8
211.94,,28,56,-972,,,37.2,-45.75,-70.2
211.97,,328,-116,-708,,,36.3,-47.25,-69.9
212.01,,316,-12,-880,,,35.7,-48.3,-70.2
212.04,,152,80,-952,,,35.1,-48.9,-70.35
212.08,,348,12,-984,,,35.25,-48.75,-70.95
212.15,,272,-92,-1128,,,34.05,-48.9,-71.1
212.19,,312,-48,-1152,,,34.8,-48.6,-69.6
212.22,,328,96,-1176,,,34.5,-47.85,-70.95
212.26,,180,68,-1104,,,36.3,-46.2,-70.2
212.30,,4,0,-1364,,,36.75,-46.2,-70.2
212.34,,188,-280,-1456,,,38.55,-44.7,-72.15
212.41,,-488,-156,-1356,,,44.4,-47.55,-76.05
212.44,,-512,-148,-1440,,,47.55,-49.35,-78.75
212.48,,-480,-32,-1248,,,48,-49.8,-80.1
212.52,,-644,144,-1072,,,48.75,-50.25,-81.3
212.55,,-688,228,-612,,,49.95,-51.45,-82.5
212.59,,-508,-76,-456,,,50.1,-50.4,-82.65
212.66,,-44,48,-764,,,52.35,-47.4,-83.25
212.70,,204,-48,-640,,,52.2,-47.25,-84.3
212.73,,-48,-36,-796,,,52.95,-47.1,-85.2
212.77,,-16,-56,-600,,,53.4,-46.65,-85.5
212.80,,-8,12,-712,,,53.4,-46.05,-85.8
212.84,,-68,-156,-764,,,53.55,-47.25,-85.8
212.88,,-164,0,-940,,,53.7,-46.95,-86.7
212.95,,-516,-156,-1172,,,53.25,-48,-86.55
212.99,,-356,-4,-1240,,,54,-47.55,-85.95
213.02,,-272,-100,-1288,,,52.65,-47.4,-84.9
213.06,,-476,-360,-1272,,,51.15,-48,-84.15
213.10,,-580,-304,-1408,,,51,-47.85,-83.7
213.13,,-612,-124,-888,,,49.8,-49.5,-82.35
213.20,,-152,0,-924,,,45.6,-49.65,-78.75
213.24,,-288,-144,-904,,,42,-49.2,-75.75
213.28,,116,-284,-880,,,40.8,-47.7,-73.65
213.31,,360,248,-852,,,39.15,-47.7,-73.5
213.35,,516,172,-860,,,39,-48.6,-73.65
213.38,,48,-12,-972,,,36.6,-49.65,-73.95
213.46,,424,60,-804,,,35.4,-52.65,-74.85
213.49,,-40,80,-892,,,35.85,-51.9,-74.1
213.53,,236,112,-1008,,,34.2,-52.05,-73.8
213.57,,288,60,-1064,,,35.1,-51.9,-73.35
213.60,,336,-104,-1028,,,35.1,-52.35,-73.35
213.64,,316,-32,-1096,,,35.25,-52.2,-73.35
213.71,,196,48,-1152,,,35.25,-51.15,-73.65
213.75,,12,-72,-1456,,,37.35,-50.4,-73.5
213.78,,256,-216,-1588,,,39.75,-49.65,-74.7
213.82,,-188,48,-1464,,,42.75,-50.7,-76.95
213.86,,-360,-112,-1224,,,44.85,-50.55,-78.45
213.89,,-428,-408,-1448,,,45.3,-50.7,-79.95
213.96,,-688,240,-860,,,48.75,-54.15,-84.3
214.00,,-692,140,-640,,,48.9,-53.85,-84.45
214.04,,-316,196,-712,,,48.45,-54.3,-85.35
214.07,,-204,-284,-268,,,50.85,-51.45,-86.1
214.11,,388,-20,-520,,,50.25,-50.7,-86.1
214.14,,-148,160,-652,,,51.6,-49.65,-86.7
214.22,,-72,-128,-844,,,52.8,-50.85,-88.5
214.26,,260,-88,-704,,,52.5,-51,-88.5
214.29,,-72,-228,-980,,,52.8,-50.55,-88.8
214.33,,-576,172,-1052,,,53.25,-51.75,-89.55
214.36,,-308,-252,-1068,,,52.95,-51.15,-89.85
214.40,,-292,-112,-1172,,,52.95,-51.9,-89.4
214.58,,-652,-212,-900,,,48.9,-53.25,-85.2
214.61,,-448,84,-916,,,46.65,-53.4,-82.8
214.65,,-268,124,-764,,,45.3,-53.55,-81.9
214.68,,-248,12,-880,,,42.45,-53.1,-78.75
214.72,,24,-208,-988,,,39.6,-52.5,-77.55
214.76,,516,172,-688,,,39,-52.35,-77.25
214.83,,160,156,-960,,,35.25,-54.45,-76.05
214.87,,260,-24,-748,,,35.25,-54.75,-76.95
214.90,,292,96,-916,,,33.3,-53.7,-76.35
214.94,,264,108,-856,,,34.05,-54.15,-77.25
214.98,,336,128,-996,,,32.25,-54.3,-76.8
215.01,,296,116,-1020,,,33.45,-53.7,-76.35
215.08,,380,-52,-1144,,,33,-54,-77.25
215.12,,316,-24,-1148,,,34.05,-52.5,-75.75
215.16,,124,44,-1072,,,35.1,-51.9,-76.05
215.19,,8,108,-964,,,36,-52.05,-76.35
215.23,,200,56,-1588,,,36.75,-51.75,-76.35
215.26,,172,-224,-1680,,,39.75,-52.65,-79.05
215.34,,-840,-128,-1504,,,45.9,-53.55,-84.6
215.37,,-576,-248,-1552,,,48,-55.65,-86.7
215.41,,-596,120,-1028,,,49.2,-57.15,-88.05
215.44,,-816,396,-860,,,48.45,-57,-88.35
215.48,,-360,136,-824,,,49.5,-56.25,-88.8
215.52,,-360,128,-164,,,50.7,-54.45,-89.1
215.59,,432,168,-560,,,50.7,-51.45,-88.8
215.63,,-468,-324,-652,,,52.65,-52.95,-89.1
215.66,,172,-92,-584,,,52.65,-51.75,-89.55
215.70,,28,-4,-748,,,52.35,-52.35,-89.7
215.74,,0,-184,-788,,,52.8,-53.7,-91.05
215.77,,-148,152,-912,,,53.25,-52.95,-90.6
215.84,,-592,96,-1012,,,52.65,-54.6,-92.25
215.88,,-436,-4,-1324,,,53.25,-54.6,-93
215.92,,-320,-56,-1336,,,52.05,-54.3,-92.7
215.95,,-464,12,-1500,,,51.9,-54.45,-90.75
215.99,,-392,-116,-1256,,,50.85,-54.6,-90.6
216.02,,-796,-248,-1108,,,49.95,-55.8,-89.55
216.10,,-544,156,-916,,,48.3,-56.7,-87
216.13,,-412,348,-848,,,45.15,-55.95,-84
216.17,,-432,-64,-904,,,42.75,-54.9,-80.7
216.20,,24,-228,-992,,,42,-54.15,-79.5
216.24,,496,144,-540,,,38.55,-53.25,-79.35
216.28,,432,164,-872,,,37.65,-53.1,-78.45
216.32,,68,36,-736,,,36.75,-53.55,-77.85
216.39,,344,4,-924,,,33.9,-53.7,-78.3
216.42,,404,24,-840,,,33.6,-53.55,-77.1
216.46,,256,128,-1048,,,33.45,-52.95,-77.25
216.50,,332,40,-1064,,,32.55,-53.1,-76.95
216.53,,460,-48,-1076,,,32.7,-52.8,-76.8
216.57,,396,0,-1120,,,33.9,-52.5,-77.7
216.64,,140,56,-1180,,,35.1,-52.65,-77.7
216.68,,324,-60,-1400,,,35.85,-52.2,-77.4
216.71,,52,-68,-1580,,,37.8,-52.8,-78.6
216.75,,100,-120,-1752,,,40.95,-53.7,-81.75
216.78,,-284,36,-1384,,,44.25,-54,-84.15
216.82,,-480,-72,-1528,,,44.7,-54.45,-85.65
216.89,,-692,232,-940,,,47.85,-56.55,-89.1
216.93,,-708,128,-732,,,47.55,-55.65,-89.25
216.97,,-384,264,-820,,,48.15,-57,-89.55
217.00,,36,-336,-248,,,49.5,-54.6,-89.4
217.04,,104,212,-484,,,48.6,-53.1,-89.55
217.08,,-204,352,-800,,,49.8,-53.55,-90.9
217.15,,36,-180,-756,,,50.55,-53.1,-91.65
217.18,,-140,64,-676,,,50.25,-53.25,-91.95
217.22,,-88,-116,-828,,,50.4,-53.7,-92.7
217.26,,-128,84,-908,,,50.85,-53.4,-92.55
217.29,,-400,-48,-1004,,,51.6,-54.3,-93.9
217.33,,-560,-48,-1056,,,51.9,-54.6,-94.65
217.40,,-436,108,-1320,,,50.55,-54.15,-93
217.44,,-380,8,-1440,,,50.1,-54.15,-91.8
217.47,,-420,-96,-1444,,,48.45,-55.2,-90.6
217.51,,-772,-296,-1060,,,47.85,-55.35,-90
217.55,,-512,88,-856,,,46.8,-56.1,-88.05
217.58,,-348,168,-892,,,43.35,-54.9,-85.05
217.66,,-260,20,-984,,,40.2,-53.55,-80.4
217.69,,220,-160,-684,,,37.8,-51.75,-80.1
217.73,,576,48,-728,,,36.15,-53.25,-80.7
217.76,,180,36,-908,,,35.4,-52.8,-79.8
217.80,,220,-12,-760,,,33.9,-52.95,-79.8
217.84,,228,160,-1032,,,32.85,-54.45,-79.5
217.87,,440,32,-812,,,32.25,-53.7,-79.65
217.94,,252,156,-1004,,,31.05,-52.95,-78.75
217.98,,496,40,-1052,,,30.6,-52.5,-77.85
218.02,,484,-112,-1032,,,30.6,-52.95,-79.05
218.05,,344,108,-1072,,,31.5,-53.1,-78.45
218.09,,256,24,-1056,,,31.95,-52.5,-77.1
218.13,,276,-44,-1084,,,33,-51.15,-78
218.20,,172,-68,-1556,,,37.35,-53.25,-81
218.24,,-24,-16,-1696,,,38.25,-52.95,-81.3
218.27,,-672,-80,-1484,,,42.9,-54.75,-83.4
218.31,,-544,-108,-1580,,,45.3,-55.5,-87.15
218.34,,-552,128,-1336,,,45.6,-56.7,-88.65
218.38,,-772,16,-1052,,,47.4,-57.75,-89.7
218.45,,-384,4,16,,,47.4,-55.5,-89.25
218.49,,356,-412,-340,,,48,-54,-89.1
218.52,,-208,84,-560,,,48,-52.2,-89.4
218.56,,80,420,-796,,,49.5,-52.2,-89.85
218.60,,-132,-432,-692,,,49.35,-51.3,-90.9
218.63,,-476,-244,-844,,,50.4,-50.7,-90.6
218.82,,-256,80,-1140,,,50.7,-52.35,-92.7
218.86,,-304,-68,-1348,,,51.15,-52.95,-92.85
218.89,,-376,-252,-1344,,,50.4,-52.5,-90
218.93,,-496,-184,-1220,,,49.95,-53.25,-88.5
218.97,,-664,-232,-1260,,,47.85,-55.05,-88.95
219.00,,-592,68,-732,,,46.65,-55.8,-87.75
219.08,,-544,148,-884,,,41.4,-53.4,-82.35
219.11,,-136,-124,-976,,,39.45,-52.5,-79.8
219.15,,392,-264,-784,,,39,-51.3,-79.8
219.18,,508,184,-728,,,36.6,-52.35,-78.15
219.22,,372,-44,-828,,,34.95,-51.6,-77.55
219.26,,224,-108,-756,,,34.05,-53.4,-78.15
219.33,,388,76,-952,,,31.35,-53.55,-78.3
219.37,,352,64,-872,,,31.5,-54.15,-77.1
219.40,,296,88,-1060,,,30.75,-53.25,-77.1
219.44,,464,96,-1008,,,31.05,-53.1,-76.95
219.47,,472,-132,-992,,,30.75,-53.7,-76.95
219.51,,380,4,-1140,,,31.5,-54.45,-76.5
219.58,,216,88,-1148,,,32.25,-52.35,-76.95
219.62,,216,-44,-1388,,,34.65,-51.9,-76.65
219.66,,268,-220,-1548,,,38.1,-53.1,-79.05
219.69,,-128,60,-1588,,,40.2,-52.95,-79.65
219.73,,-676,-144,-1368,,,44.1,-52.8,-81.75
219.76,,-524,-356,-1528,,,45.15,-54.75,-84.3
219.84,,-692,184,-928,,,48.15,-57.9,-88.35
219.87,,-384,184,-616,,,47.85,-56.25,-87
219.91,,-380,-128,-124,,,49.2,-56.4,-87.9
219.94,,-472,-236,-544,,,49.35,-55.2,-86.85
219.98,,500,148,-216,,,50.4,-53.85,-86.25
220.02,,-192,280,-704,,,50.7,-54.45,-89.4
220.09,,52,80,-776,,,52.2,-53.25,-90.9
220.12,,-20,-72,-800,,,53.1,-53.7,-91.5
220.16,,-92,-108,-924,,,52.35,-54.6,-92.1
220.20,,-224,132,-1004,,,52.95,-54.3,-92.4
220.24,,-476,-52,-1032,,,53.55,-54.9,-94.05
220.27,,-308,96,-1384,,,54.3,-55.05,-93.3
220.34,,-564,-172,-1388,,,52.95,-55.5,-91.2
220.38,,-524,-136,-1296,,,51.45,-56.1,-89.85
220.42,,-848,-284,-980,,,51.45,-57.6,-90
220.45,,-696,-76,-936,,,48.3,-58.05,-87.15
220.49,,-132,196,-816,,,47.4,-57.75,-85.95
220.52,,-564,172,-1056,,,44.85,-56.7,-83.85
220.60,,436,208,-688,,,39.75,-54.75,-78.45
220.63,,460,232,-544,,,37.65,-55.65,-78.6
220.67,,316,8,-832,,,36.15,-55.8,-77.7
220.70,,272,-44,-748,,,35.4,-56.1,-77.7
220.74,,476,36,-912,,,34.05,-55.5,-77.25
220.78,,236,88,-920,,,33.6,-55.95,-77.7
220.81,,292,112,-888,,,33,-55.8,-77.4
220.89,,400,16,-1144,,,32.7,-57.45,-77.1
220.92,,540,-104,-1180,,,31.65,-56.4,-78
220.96,,308,12,-1060,,,32.7,-57.45,-77.55
221.00,,140,144,-1040,,,33.9,-56.85,-77.55
221.03,,236,224,-1424,,,35.25,-56.85,-78.15
221.07,,248,100,-1576,,,37.2,-56.25,-78.75
221.14,,-336,80,-1456,,,43.65,-56.25,-83.1
221.18,,-444,-148,-1328,,,45.9,-57.75,-85.65
221.21,,-348,268,-1276,,,48,-58.35,-87.6
221.25,,-564,96,-1064,,,48.6,-59.25,-88.95
221.29,,-688,228,-620,,,48.3,-56.85,-88.65
221.32,,-488,-56,-1192,,,47.85,-57.6,-89.55
221.39,,460,56,-600,,,51.15,-54.3,-90
221.43,,-292,-48,-804,,,51.45,-54.3,-91.2
221.47,,-364,-28,-928,,,52.05,-54.75,-92.1
221.50,,-96,132,-644,,,52.65,-54,-91.95
221.54,,-60,8,-720,,,54,-53.85,-93.3
221.58,,-80,-176,-872,,,52.8,-53.55,-93.15
221.65,,-440,-88,-1096,,,52.8,-54,-94.2
221.68,,-404,-32,-1080,,,53.7,-54.3,-95.25
221.72,,-392,-20,-1196,,,53.85,-53.25,-94.2
221.76,,-452,-216,-1276,,,53.7,-52.2,-93.45
221.79,,-508,-232,-1284,,,52.65,-52.65,-90.9
221.83,,-604,-268,-1260,,,51.6,-53.85,-90.75
221.90,,-444,52,-820,,,48.9,-55.05,-88.65
221.94,,-512,220,-952,,,46.95,-54.75,-84.45
221.97,,-264,-84,-900,,,43.8,-53.1,-81.6
222.01,,-76,-236,-1072,,,42.15,-51.6,-79.5
222.04,,344,-80,-524,,,39.9,-50.85,-78.3
222.08,,440,136,-888,,,38.85,-51.15,-78
222.16,,352,48,-832,,,35.4,-52.05,-76.95
222.19,,404,104,-836,,,36.3,-52.8,-77.7
222.23,,240,-80,-848,,,34.2,-53.55,-77.55
222.26,,324,16,-980,,,34.35,-53.7,-78.3
222.30,,404,152,-1020,,,33.3,-53.1,-77.85
222.34,,540,-84,-1068,,,34.65,-54.3,-77.55
222.41,,216,100,-1148,,,35.7,-54.45,-77.55
222.44,,92,0,-1008,,,36.45,-53.1,-78.6
222.48,,188,-96,-1480,,,38.4,-53.25,-79.35
222.52,,184,-20,-1496,,,40.5,-54.3,-80.85
222.55,,-120,-52,-1692,,,43.35,-54.3,-83.1
222.59,,-356,-84,-1348,,,47.1,-55.05,-86.7
222.66,,-376,-136,-1388,,,49.65,-56.7,-91.05
222.70,,-636,104,-1032,,,49.95,-57.9,-92.7
222.73,,-484,192,-680,,,51,-57.3,-93.15
222.77,,-960,132,-968,,,49.65,-56.4,-92.7
222.81,,-320,-24,280,,,51.45,-56.4,-93
222.84,,248,28,-332,,,51,-55.2,-92.7
223.02,,140,-112,-748,,,52.5,-55.05,-95.4
223.06,,-300,16,-908,,,52.5,-56.1,-96.6
223.09,,-332,16,-1080,,,53.85,-56.1,-96.9
223.13,,-576,-164,-1132,,,53.7,-55.95,-97.35
223.16,,-264,-40,-1260,,,52.8,-55.5,-95.7
223.20,,-336,16,-1324,,,52.35,-56.55,-96.15
223.27,,-508,-196,-1376,,,51.15,-57,-93
223.31,,-688,-384,-1016,,,49.95,-57.9,-92.1
223.34,,-600,72,-796,,,47.55,-58.2,-91.95
223.38,,-352,176,-1008,,,46.35,-56.85,-88.2
223.42,,-392,-20,-920,,,44.7,-56.1,-86.7
223.45,,76,-252,-1060,,,41.4,-54.3,-84
223.49,,476,-36,-572,,,41.7,-54.6,-82.8
223.56,,384,24,-1036,,,37.95,-54.45,-81
223.60,,312,-32,-732,,,35.4,-55.65,-80.55
223.64,,100,84,-852,,,35.4,-55.65,-80.25
223.67,,420,80,-856,,,35.1,-57.3,-80.25
223.71,,420,16,-868,,,32.7,-56.85,-79.5
223.74,,388,76,-940,,,32.85,-56.1,-79.95
223.82,,492,-100,-1096,,,33.6,-56.4,-81.45
223.85,,332,4,-1128,,,33.45,-57.3,-81.3
223.89,,376,96,-1100,,,34.05,-56.1,-81.45
223.92,,248,84,-1080,,,34.5,-55.05,-80.85
223.96,,204,-36,-1304,,,35.25,-54.45,-80.25
224.00,,188,-260,-1500,,,38.25,-53.4,-80.7
224.07,,-276,-12,-1408,,,43.35,-54.6,-87
224.10,,-368,-288,-1416,,,44.25,-56.1,-88.05
224.14,,-360,-24,-1304,,,46.5,-56.85,-89.85
224.18,,-532,68,-1064,,,46.8,-58.05,-91.2
224.22,,-628,64,-884,,,46.65,-58.2,-90.9
224.25,,-208,172,-1028,,,47.55,-58.95,-92.4
224.32,,196,-256,-388,,,49.8,-55.8,-92.55
224.36,,144,48,-432,,,50.4,-54.75,-92.55
224.40,,-420,200,-848,,,50.85,-55.5,-94.05
224.43,,-312,-136,-892,,,51.75,-55.35,-94.8
224.47,,176,0,-868,,,52.5,-55.5,-96.75
224.51,,-136,-112,-668,,,52.95,-56.1,-96
224.58,,-236,-4,-980,,,52.5,-57,-97.35
224.61,,-448,172,-752,,,52.35,-57,-97.5
224.65,,-152,-24,-1052,,,52.65,-56.55,-97.95
224.68,,-428,-96,-1212,,,53.1,-55.5,-96.3
224.72,,-504,-144,-1228,,,52.05,-56.25,-95.7
224.76,,-484,-92,-1436,,,50.7,-56.1,-94.35
224.83,,-536,-256,-1284,,,49.35,-57,-92.85
224.87,,-608,96,-908,,,49.2,-58.95,-93
224.90,,-832,84,-1200,,,47.7,-59.4,-91.65
224.94,,-532,120,-896,,,45.3,-59.25,-89.55
224.98,,-324,148,-1032,,,43.65,-59.1,-88.05
225.01,,-112,-208,-1080,,,42,-57.15,-85.5
225.08,,216,248,-744,,,40.05,-57.45,-84.45
225.12,,88,20,-752,,,38.1,-56.55,-82.5
225.16,,308,-24,-680,,,35.85,-57.3,-82.2
225.19,,200,160,-840,,,34.35,-57.6,-81.6
225.23,,336,116,-780,,,33.75,-57.6,-80.7
225.26,,388,-16,-772,,,31.65,-55.95,-79.95
225.34,,464,188,-956,,,30.45,-55.8,-79.8
225.37,,384,36,-948,,,30.3,-55.8,-79.8
225.41,,404,0,-952,,,30.45,-55.5,-79.05
225.45,,388,0,-996,,,30.45,-53.85,-78.75
225.48,,352,8,-1048,,,31.2,-54,-78.75
225.52,,352,4,-1096,,,31.35,-54.3,-78.6
225.56,,320,-20,-1044,,,30.9,-54.45,-78.3
225.63,,248,-8,-1104,,,33.6,-53.7,-78.15
225.66,,248,-36,-1100,,,33.45,-53.4,-78.6
225.70,,220,-36,-1132,,,35.25,-53.4,-78
225.74,,184,-52,-1132,,,35.55,-53.25,-78.75
225.77,,136,-12,-1096,,,36.3,-53.7,-78.75
225.81,,152,0,-1084,,,38.25,-53.25,-79.95
225.88,,60,16,-1076,,,38.25,-53.7,-79.35
225.92,,48,20,-1100,,,39.3,-53.7,-81.45
225.95,,44,12,-1088,,,40.65,-54.3,-81.15
225.99,,-12,8,-1060,,,40.95,-55.65,-82.05
226.02,,-28,16,-1108,,,41.7,-55.2,-82.35
226.06,,-60,56,-1068,,,44.1,-55.05,-83.4
226.14,,-148,88,-1092,,,43.8,-57.3,-86.55
226.17,,-168,128,-1076,,,45.15,-57.3,-86.25
226.21,,-180,148,-1056,,,45.75,-57.6,-87.45
226.24,,-224,176,-1052,,,46.5,-58.65,-89.25
226.28,,-224,192,-1020,,,47.25,-58.65,-90.15
226.32,,-248,184,-992,,,47.85,-59.4,-91.2
226.39,,-316,276,-964,,,49.35,-60.6,-93.9
226.42,,-328,244,-952,,,49.35,-61.8,-94.5
226.46,,-364,248,-920,,,50.25,-61.2,-96.45
226.50,,-384,332,-956,,,51.9,-62.4,-96.75
226.53,,-416,316,-924,,,52.65,-62.25,-97.5
226.57,,-456,348,-900,,,52.5,-62.55,-98.7
226.64,,-456,396,-876,,,53.85,-63.15,-101.4
226.68,,-488,360,-868,,,54.6,-62.7,-102
226.71,,-464,344,-868,,,54.6,-64.05,-103.05
226.75,,-500,356,-760,,,54.75,-61.65,-103.35
226.79,,-492,332,-820,,,54.45,-62.55,-104.4
226.82,,-460,404,-820,,,54.75,-62.4,-104.1
226.90,,-580,460,-740,,,56.55,-60.75,-104.85
226.93,,-548,408,-772,,,55.65,-60.9,-104.85
226.97,,-624,372,-720,,,56.25,-60.15,-105.3
227.00,,-668,344,-688,,,56.25,-60.15,-105.9
227.04,,-624,296,-656,,,56.85,-59.1,-106.8
227.08,,-644,192,-672,,,56.25,-58.5,-106.05
227.26,,-704,180,-616,,,58.2,-55.95,-107.4
227.30,,-784,184,-604,,,57.45,-55.05,-107.55
227.34,,-756,100,-564,,,58.5,-53.4,-107.7
227.37,,-776,200,-668,,,57.15,-52.65,-107.4
227.41,,-756,144,-608,,,57.9,-52.65,-107.1
227.44,,-788,76,-580,,,59.1,-51,-108.45
227.52,,-816,168,-564,,,58.05,-49.35,-107.1
227.56,,-824,96,-556,,,58.35,-48.3,-107.55
227.59,,-836,72,-544,,,58.8,-46.65,-107.1
227.63,,-928,24,-500,,,58.2,-45.45,-107.55
227.66,,-952,-8,-504,,,57.6,-45,-107.4
227.70,,-952,-68,-516,,,57.75,-43.2,-107.7
227.77,,-912,40,-512,,,56.7,-41.7,-107.4
227.81,,-976,-220,-464,,,57.6,-41.1,-107.7
227.84,,-1036,56,-416,,,57.15,-40.35,-108.15
227.88,,-960,44,-368,,,56.25,-39.15,-108
227.92,,-1056,-112,-444,,,56.7,-39.45,-107.85
227.95,,-992,-16,-348,,,56.85,-38.55,-107.4
228.02,,-992,-48,-272,,,56.4,-37.95,-106.05
228.06,,-984,20,-352,,,56.4,-38.1,-106.2
228.10,,-960,-8,-296,,,55.65,-36.3,-106.05
228.13,,-1004,16,-312,,,56.7,-36.45,-105.15
228.17,,-1020,-40,-296,,,55.95,-35.85,-104.7
228.21,,-1428,32,-176,,,55.5,-35.85,-104.1
228.28,,-752,-56,-204,,,55.95,-36.3,-104.4
228.32,,-1016,16,-252,,,55.2,-34.95,-104.25
228.35,,-1100,16,-272,,,54.75,-33.75,-103.35
228.39,,-1032,-204,-288,,,54.75,-31.65,-102.9
228.42,,-976,-124,-232,,,53.85,-30.75,-101.7
228.50,,-1032,-132,-288,,,52.65,-28.8,-100.5
228.53,,-1136,-140,-136,,,53.1,-28.8,-99.15
228.57,,-928,56,-304,,,53.1,-27.75,-98.7
228.60,,-1040,-148,-212,,,52.8,-27.9,-99
228.64,,-772,-212,-228,,,52.65,-27.6,-100.95
228.68,,-1148,-16,-184,,,52.8,-28.35,-100.95
228.75,,-1000,-164,-224,,,51.75,-27.3,-101.25
228.79,,-984,-192,-280,,,52.5,-28.2,-100.65
228.82,,-948,-280,-272,,,52.8,-27.75,-101.85
228.86,,-968,-268,-196,,,53.55,-27.6,-101.4
228.90,,-1216,96,-24,,,52.05,-26.85,-102.75
228.93,,-920,-128,-488,,,52.2,-26.4,-99.9
229.01,,-1044,-208,-164,,,51.9,-26.55,-99.75
229.04,,-1028,-192,-308,,,51.75,-27.45,-99.15
229.08,,-1004,-268,-252,,,52.65,-26.7,-99.75
229.11,,-984,-164,-236,,,51.15,-27,-99
229.15,,-1016,-188,-208,,,52.35,-27.15,-98.7
229.18,,-984,-208,-272,,,52.95,-27.15,-98.55
229.26,,-900,-268,-172,,,51.75,-27.6,-97.35
229.29,,-1080,-160,-340,,,52.05,-27,-97.8
229.33,,-996,-220,-216,,,51.9,-27.3,-97.95
229.36,,-1028,-116,-360,,,51.75,-26.85,-96.6
229.40,,-960,-80,-392,,,52.35,-27.15,-96.45
229.44,,-1064,-156,-340,,,51.9,-27.75,-97.35
229.51,,-1016,-108,-336,,,53.1,-27.15,-97.2
229.55,,-948,-276,-296,,,52.5,-27.9,-96.9
229.58,,-828,-232,-408,,,53.1,-28.05,-96.9
229.62,,-1036,-128,-396,,,52.5,-26.7,-96.45
229.66,,-1000,-164,-348,,,51.9,-27.3,-97.2
229.69,,-916,-388,-380,,,53.1,-26.55,-96.6
229.76,,-796,44,-216,,,51.9,-27.15,-96.6
229.80,,-868,-308,-392,,,51.9,-26.1,-96.6
229.84,,-920,-276,-380,,,51.75,-27.3,-97.05
229.87,,-920,-192,-332,,,52.2,-26.7,-97.8
229.91,,-888,-256,-352,,,52.65,-27,-98.85
229.94,,-884,-164,-280,,,53.1,-27.15,-99.6
230.02,,-904,-260,-264,,,51.6,-28.05,-100.5
230.05,,-864,-140,-228,,,53.7,-28.5,-99.9
230.09,,-924,-160,-208,,,53.4,-28.35,-100.2
230.13,,-1000,-84,-280,,,52.5,-28.65,-98.85
230.16,,-964,-296,-264,,,52.65,-27.9,-100.35
230.20,,-904,-272,-244,,,52.95,-29.1,-100.35
230.27,,-904,-276,-284,,,52.35,-28.2,-101.25
230.31,,-920,-352,-236,,,53.1,-28.05,-101.25
230.34,,-924,-256,-264,,,53.55,-28.2,-102.15
230.38,,-996,-180,-228,,,52.95,-28.5,-102.3
230.42,,-968,-168,-204,,,53.1,-28.65,-103.05
230.49,,-1028,-324,-188,,,53.55,-28.95,-105
230.52,,-1020,-156,-244,,,53.85,-29.4,-105
230.56,,-1008,-256,-200,,,54.3,-30.15,-105.9
230.60,,-1032,-124,-108,,,53.55,-30,-106.05
230.63,,-1036,-240,-176,,,54,-29.1,-105.9
230.67,,-1072,-340,-112,,,54.15,-30.3,-106.05
230.74,,-1252,-52,-220,,,53.7,-30,-106.05
230.78,,-1172,-212,-216,,,54.6,-31.05,-105.9
230.82,,-1112,-200,-212,,,54.15,-31.2,-105.9
230.85,,-1144,-168,-128,,,54.9,-30.9,-106.2
230.89,,-1104,-144,-40,,,54.3,-31.8,-105.9
230.93,,-1056,-104,-156,,,55.05,-31.35,-105.9
231.00,,-960,100,-244,,,55.95,-31.95,-102.3
231.03,,-868,-256,-300,,,54.45,-32.55,-100.2
231.07,,-1152,-64,-340,,,55.05,-32.7,-97.65
231.10,,-1108,-312,-236,,,55.5,-35.4,-99
231.14,,-780,88,0,,,57,-39.6,-102.75
231.18,,-644,236,132,,,57.6,-41.85,-104.25
231.35,,-1068,36,-224,,,56.55,-39.6,-100.35
231.39,,-964,132,-192,,,55.95,-39,-99
231.43,,-1156,72,-156,,,56.4,-39.15,-97.95
231.46,,-1016,144,-384,,,56.55,-41.25,-95.85
231.50,,-904,276,-564,,,54.75,-43.95,-91.65
231.54,,-840,200,-344,,,53.4,-49.05,-89.85
231.61,,-1064,-100,-596,,,50.25,-51.75,-86.4
231.64,,-908,412,-660,,,50.7,-55.35,-88.95
231.68,,-1016,380,-540,,,50.25,-58.35,-90
231.72,,-1048,380,-544,,,50.4,-59.25,-90.15
231.75,,-836,356,-392,,,51.75,-60.6,-93
231.79,,-1096,252,-444,,,51.3,-62.25,-94.65
231.86,,-1004,312,-380,,,53.4,-62.4,-97.65
231.90,,-988,128,-172,,,56.25,-63.9,-100.95
231.93,,-668,8,4,,,54.3,-66.15,-103.8
231.97,,-920,260,20,,,55.2,-67.2,-106.05
232.00,,-956,24,60,,,56.85,-67.95,-108.45
232.04,,-1176,120,84,,,57.9,-64.5,-109.05
232.12,,-932,228,-80,,,57.45,-67.2,-108.15
232.15,,-1140,460,-96,,,56.85,-67.35,-108.45
232.19,,-944,156,116,,,57.15,-68.1,-108.15
232.23,,-916,124,8,,,57.45,-66.75,-108
232.26,,-1000,-20,36,,,58.5,-66.3,-108.3
232.30,,-976,-72,-32,,,57,-67.5,-108.3
232.37,,-1036,-92,-148,,,56.55,-70.05,-107.25
232.40,,-996,-260,68,,,57.3,-68.85,-107.25
232.44,,-1064,-116,-220,,,56.55,-68.7,-105.45
232.48,,-1156,-296,-116,,,56.1,-68.7,-106.35
232.51,,-1120,-332,-4,,,56.25,-67.95,-104.85
232.55,,-1108,-532,56,,,56.55,-67.95,-106.2
232.62,,-980,-276,84,,,56.25,-69.9,-105.15
232.66,,-928,-144,-268,,,55.2,-72.75,-106.95
232.69,,-936,100,-228,,,55.5,-74.4,-108.45
232.73,,-928,-88,-60,,,53.4,-76.5,-108.75
232.77,,-1000,-88,-296,,,54.9,-74.25,-105.75
232.80,,-1104,-144,-184,,,54.6,-72.9,-106.2
232.88,,-924,-36,-300,,,55.65,-69.3,-101.85
232.91,,-912,-112,-492,,,54.9,-68.4,-100.8
232.95,,-828,-320,-384,,,55.05,-67.35,-99
232.98,,-776,-280,-468,,,53.85,-66.45,-97.05
233.02,,-800,-272,-508,,,52.8,-64.65,-94.8
233.06,,-804,-168,-488,,,51.9,-64.95,-93.75
233.13,,-788,-288,-576,,,50.4,-63.3,-90.9
233.16,,-652,-344,-580,,,49.95,-62.55,-88.5
233.20,,-652,-324,-668,,,48.75,-62.7,-87
233.24,,-592,-608,-804,,,46.95,-62.1,-85.05
233.27,,-544,-388,-804,,,46.65,-61.5,-83.85
233.31,,-752,-356,-600,,,45.6,-61.35,-84.15
233.38,,-720,-144,-744,,,43.8,-63.6,-83.1
233.42,,-904,-168,-472,,,40.8,-63.45,-81.3
233.46,,-792,-248,-444,,,40.2,-60.9,-79.05
233.49,,-644,-92,-536,,,38.55,-57.75,-76.8
233.53,,-656,-208,-696,,,35.25,-55.8,-74.4
233.60,,-404,-204,-920,,,31.2,-50.55,-70.8
233.64,,-448,-184,-892,,,28.65,-49.35,-69.6
233.67,,-596,-516,-860,,,28.05,-46.65,-68.25
233.71,,-528,-456,-1004,,,30,-43.2,-67.5
233.74,,-836,-152,-664,,,33.6,-42.6,-68.4
233.78,,-844,-208,-752,,,35.1,-42.3,-69.15
233.85,,-776,-472,-712,,,33.6,-42.6,-66.9
233.89,,-424,52,-988,,,30.3,-40.35,-66.15
233.92,,-512,-100,-828,,,25.8,-36.45,-65.55
233.96,,-508,-344,-1048,,,19.95,-34.95,-66.15
234.00,,-412,-564,-816,,,17.4,-33.75,-66.15
234.04,,-112,-536,-968,,,14.55,-34.5,-67.35
234.11,,-208,-332,-960,,,12.3,-37.05,-68.1
234.15,,-76,-292,-1032,,,9.15,-37.5,-70.5
234.18,,-20,-856,-1096,,,7.5,-35.55,-72.3
234.22,,24,-820,-928,,,4.2,-31.65,-73.35
234.25,,196,-696,-820,,,3.75,-31.05,-73.95
234.29,,44,-804,-1000,,,3.3,-30.6,-74.25
234.36,,216,-920,-668,,,5.1,-28.35,-70.65
234.40,,28,-780,-696,,,5.4,-26.85,-69.9
234.43,,-4,-724,-656,,,5.1,-26.85,-69.45
234.47,,4,-784,-660,,,6.6,-25.05,-68.25
234.50,,16,-824,-728,,,6,-23.4,-67.95
234.54,,40,-792,-708,,,6.15,-21.75,-65.4
234.58,,-8,-760,-528,,,7.2,-18.45,-64.95
234.65,,-192,-644,-620,,,10.65,-15.6,-60.75
234.69,,-336,-568,-672,,,11.1,-14.25,-59.55
234.72,,-184,-620,-648,,,11.25,-13.35,-60.6
234.76,,-20,-452,-820,,,8.4,-11.55,-59.85
234.80,,-104,-528,-756,,,8.4,-8.7,-61.95
234.83,,-176,-508,-640,,,8.55,-4.65,-64.35
234.90,,-8,-792,-428,,,10.35,-0.9,-66.15
234.94,,-188,-668,-380,,,11.25,0,-64.8
234.98,,-96,-780,-380,,,11.55,1.05,-65.4
235.01,,-144,-840,-456,,,12.15,1.5,-66.75
235.05,,-224,-768,-380,,,12.15,1.95,-68.55
235.08,,-36,-924,-288,,,10.8,3.15,-69
235.16,,-92,-940,-348,,,11.55,4.2,-69.15
235.19,,-140,-832,-244,,,12,4.05,-69
235.23,,48,-1068,-296,,,12.15,4.2,-68.4
235.27,,-144,-860,-320,,,12.15,3.9,-69.3
235.30,,-16,-1000,-296,,,11.1,4.05,-67.65
235.34,,-28,-984,-292,,,10.8,5.1,-68.85
235.53,,112,-1044,-244,,,6.75,3.6,-65.7
235.56,,68,-984,-332,,,5.25,2.4,-65.85
235.60,,112,-984,-308,,,4.5,2.55,-65.1
235.64,,8,-884,-448,,,4.8,2.1,-65.55
235.67,,244,-896,-360,,,2.85,1.5,-65.55
235.71,,352,-964,-392,,,2.4,2.4,-66
235.74,,204,-760,-360,,,1.65,1.5,-65.4
235.82,,244,-792,-264,,,1.8,2.25,-63.9
235.85,,312,-864,-440,,,2.25,3,-61.8
235.89,,248,-880,-328,,,1.5,3.9,-62.7
235.92,,176,-868,-396,,,3,4.05,-60.75
235.96,,44,-772,-492,,,3.75,3.9,-59.1
236.00,,132,-824,-556,,,4.05,4.2,-56.7
236.04,,40,-700,-548,,,6.6,3.9,-56.1
236.11,,204,-752,-552,,,4.35,4.5,-55.8
236.14,,220,-696,-420,,,4.2,3.9,-56.85
236.18,,420,-844,-484,,,3.45,4.35,-57
236.22,,204,-744,-460,,,3.45,3.15,-57.6
236.25,,232,-756,-364,,,4.05,3.45,-56.25
236.29,,312,-936,-460,,,2.85,1.8,-56.55
236.36,,204,-768,-364,,,2.85,1.5,-55.95
236.40,,456,-848,-428,,,2.1,1.65,-56.55
236.43,,320,-796,-400,,,2.1,1.05,-54.9
236.47,,-140,-832,-280,,,1.8,1.8,-54.45
236.50,,152,-496,-364,,,0.6,2.55,-56.4
236.54,,676,-840,-520,,,-3.3,3.15,-61.2
236.58,,244,-456,-200,,,-4.2,1.05,-58.05
236.65,,880,-696,-704,,,-12.75,-11.4,-62.25
236.69,,952,-980,-60,,,-18.3,-18.75,-68.55
236.72,,900,-484,-408,,,-17.4,-16.35,-64.8
236.76,,684,-780,-1000,,,-15.6,-13.35,-60.15
236.80,,544,-260,-524,,,-7.35,-9.15,-47.25
236.83,,456,-200,-608,,,13.05,-0.15,-33.15
236.90,,-524,-252,-804,,,26.7,-11.55,-30.6
236.94,,-120,-604,-756,,,22.35,-8.25,-30.75
236.98,,8,-640,-820,,,18.3,-6.45,-29.85
237.01,,160,-760,-860,,,17.1,-4.2,-30.3
237.05,,-36,-636,-728,,,16.2,-4.05,-29.85
237.08,,-80,-532,-828,,,17.4,-5.85,-31.35
237.16,,0,-632,-792,,,16.8,-5.55,-31.5
237.19,,-12,-600,-808,,,18,-5.7,-29.85
237.23,,-24,-580,-820,,,16.35,-5.1,-31.35
237.27,,-12,-600,-808,,,17.25,-5.55,-32.1
237.30,,-16,-588,-812,,,17.7,-5.55,-30.9
237.34,,-20,-596,-816,,,17.4,-6.75,-30.6
237.41,,-16,-592,-812,,,16.65,-6.15,-31.35
237.45,,-12,-596,-820,,,16.65,-6.75,-30.3
237.48,,-12,-596,-808,,,16.95,-6.3,-30.15
237.52,,-12,-596,-808,,,17.1,-5.4,-31.5
237.56,,-36,-576,-804,,,16.2,-5.85,-31.2
237.59,,-12,-596,-816,,,17.85,-5.7,-30.9
237.66,,-16,-592,-812,,,16.65,-5.85,-31.35
237.70,,-16,-584,-808,,,16.8,-6.6,-31.5
237.74,,-16,-596,-812,,,17.1,-5.7,-30.9
237.77,,-16,-596,-808,,,16.95,-5.85,-30.9
237.81,,-12,-588,-820,,,16.5,-5.7,-30.45
237.84,,-8,-588,-816,,,16.8,-5.7,-30.6
237.92,,-8,-596,-808,,,16.35,-5.7,-31.5
237.96,,-8,-592,-812,,,16.2,-6,-31.05
237.99,,-12,-588,-812,,,16.5,-6,-30.75
238.03,,-12,-596,-812,,,17.4,-5.55,-30.45
238.06,,-8,-588,-820,,,16.95,-5.85,-30.75
238.10,,-12,-588,-816,,,16.65,-6.75,-31.65
238.14,,-12,-592,-808,,,17.1,-5.25,-30.6
238.21,,12,-596,-828,,,16.2,-5.7,-30.45
238.24,,-8,-580,-824,,,16.95,-6.15,-30.9
238.28,,-16,-592,-808,,,16.35,-6.3,-30.75
238.32,,-8,-588,-828,,,16.5,-6.75,-31.35
238.35,,-12,-584,-808,,,16.05,-6.15,-30.75
238.39,,0,-588,-816,,,16.05,-5.7,-30.6
238.46,,-8,-588,-820,,,16.35,-5.85,-30.75
238.50,,-12,-596,-816,,,16.65,-6.15,-31.2
238.53,,-12,-588,-816,,,17.25,-5.55,-29.85
238.57,,-16,-588,-816,,,16.35,-6.15,-30.75
238.61,,-8,-592,-816,,,16.5,-6.15,-30.75
238.64,,-4,-592,-820,,,16.05,-6,-31.05
238.72,,-8,-592,-812,,,15.9,-6.75,-31.5
238.75,,-8,-588,-820,,,16.65,-6.45,-31.65
238.79,,0,-592,-812,,,15.6,-5.85,-30.6
238.82,,-28,-580,-808,,,16.35,-6.6,-30.9
238.86,,68,-612,-880,,,16.05,-5.7,-30.75
238.90,,8,-660,-784,,,17.4,-5.55,-30.75
238.97,,32,-604,-924,,,16.5,-5.85,-30.15
239.00,,-48,-564,-828,,,17.7,-5.25,-30
239.04,,-32,-592,-812,,,16.8,-5.55,-30.9
239.08,,-40,-600,-756,,,16.95,-6.3,-30.6
239.11,,-44,-556,-836,,,17.1,-6.75,-30.75
239.15,,36,-580,-912,,,17.85,-8.25,-30.6
239.19,,-80,-508,-836,,,17.4,-8.7,-30.6
239.26,,-24,-536,-820,,,16.35,-7.2,-30.6
239.30,,32,-596,-816,,,15.45,-7.2,-30.9
239.33,,8,-548,-860,,,15.75,-7.5,-30.3
239.37,,8,-560,-808,,,15.6,-7.95,-30.9
239.40,,0,-540,-788,,,15,-6.3,-30.45
239.44,,-16,-596,-772,,,14.4,-6.9,-31.65
239.51,,140,-552,-964,,,11.1,-6.9,-32.1
239.55,,44,-496,-744,,,10.65,-8.55,-32.25
239.58,,128,-596,-804,,,10.8,-8.7,-31.8
239.62,,144,-564,-904,,,9.9,-9,-33.45
239.66,,60,-508,-860,,,10.8,-10.2,-33.15
239.69,,128,-572,-864,,,10.2,-9.6,-32.55
239.87,,40,-624,-772,,,12.6,-6.75,-31.65
239.90,,-8,-548,-760,,,12.15,-5.25,-31.65
239.94,,120,-652,-792,,,11.7,-4.95,-31.95
239.98,,48,-568,-748,,,11.55,-4.05,-32.1
240.02,,48,-604,-824,,,11.55,-6,-32.7
240.05,,72,-592,-700,,,10.35,-5.4,-33
240.09,,128,-636,-892,,,9.9,-5.25,-33.6
240.16,,100,-644,-780,,,9,-4.05,-33.9
240.20,,92,-660,-816,,,9.3,-2.25,-35.4
240.23,,64,-648,-652,,,9.75,-1.2,-34.35
240.27,,140,-668,-764,,,8.25,-1.2,-35.4
240.30,,160,-696,-812,,,8.25,-1.05,-35.25
240.34,,92,-676,96,,,9.15,-0.6,-35.55
